-- MySQL dump 10.13  Distrib 8.0.18, for Linux (x86_64)
--
-- Host: localhost    Database: vk
-- ------------------------------------------------------
-- Server version	8.0.18

/*!40101 SET @OLD_CHARACTER_SET_CLIENT=@@CHARACTER_SET_CLIENT */;
/*!40101 SET @OLD_CHARACTER_SET_RESULTS=@@CHARACTER_SET_RESULTS */;
/*!40101 SET @OLD_COLLATION_CONNECTION=@@COLLATION_CONNECTION */;
/*!50503 SET NAMES utf8mb4 */;
/*!40103 SET @OLD_TIME_ZONE=@@TIME_ZONE */;
/*!40103 SET TIME_ZONE='+00:00' */;
/*!40014 SET @OLD_UNIQUE_CHECKS=@@UNIQUE_CHECKS, UNIQUE_CHECKS=0 */;
/*!40014 SET @OLD_FOREIGN_KEY_CHECKS=@@FOREIGN_KEY_CHECKS, FOREIGN_KEY_CHECKS=0 */;
/*!40101 SET @OLD_SQL_MODE=@@SQL_MODE, SQL_MODE='NO_AUTO_VALUE_ON_ZERO' */;
/*!40111 SET @OLD_SQL_NOTES=@@SQL_NOTES, SQL_NOTES=0 */;

--
-- Table structure for table `communities`
--

DROP TABLE IF EXISTS `communities`;
/*!40101 SET @saved_cs_client     = @@character_set_client */;
/*!50503 SET character_set_client = utf8mb4 */;
CREATE TABLE `communities` (
  `id` int(10) unsigned NOT NULL AUTO_INCREMENT,
  `name` varchar(150) CHARACTER SET utf8 COLLATE utf8_unicode_ci NOT NULL,
  `created_at` timestamp NULL DEFAULT CURRENT_TIMESTAMP,
  `is_closed` tinyint(1) DEFAULT NULL,
  `closed_at` timestamp NULL DEFAULT NULL,
  `user_id` int(10) unsigned DEFAULT NULL,
  PRIMARY KEY (`id`),
  UNIQUE KEY `name` (`name`)
) ENGINE=InnoDB AUTO_INCREMENT=101 DEFAULT CHARSET=utf8 COLLATE=utf8_unicode_ci;
/*!40101 SET character_set_client = @saved_cs_client */;

--
-- Dumping data for table `communities`
--

LOCK TABLES `communities` WRITE;
/*!40000 ALTER TABLE `communities` DISABLE KEYS */;
INSERT INTO `communities` VALUES (1,'magni','2019-11-13 19:03:15',NULL,NULL,NULL),(2,'reprehenderit','2019-11-13 19:03:15',NULL,NULL,NULL),(3,'adipisci','2019-11-13 19:03:15',1,'2019-11-13 19:05:15',NULL),(4,'minus','2019-11-13 19:03:15',NULL,NULL,NULL),(5,'dolor','2019-11-13 19:03:15',NULL,NULL,NULL),(6,'distinctio','2019-11-13 19:03:15',NULL,NULL,NULL),(7,'sed','2019-11-13 19:03:15',NULL,NULL,NULL),(8,'voluptas','2019-11-13 19:03:15',NULL,NULL,NULL),(9,'veritatis','2019-11-13 19:03:15',NULL,NULL,NULL),(10,'et','2019-11-13 19:03:15',NULL,NULL,NULL),(11,'accusamus','2019-11-13 19:03:15',NULL,NULL,NULL),(12,'labore','2019-11-13 19:03:15',NULL,NULL,NULL),(13,'recusandae','2019-11-13 19:03:15',NULL,NULL,NULL),(14,'aut','2019-11-13 19:03:15',1,'2019-11-13 19:05:15',NULL),(15,'provident','2019-11-13 19:03:15',NULL,NULL,NULL),(16,'ut','2019-11-13 19:03:15',NULL,NULL,NULL),(17,'blanditiis','2019-11-13 19:03:15',NULL,NULL,NULL),(18,'occaecati','2019-11-13 19:03:15',NULL,NULL,NULL),(19,'non','2019-11-13 19:03:15',NULL,NULL,NULL),(20,'perferendis','2019-11-13 19:03:15',NULL,NULL,NULL),(21,'beatae','2019-11-13 19:03:15',NULL,NULL,NULL),(22,'vel','2019-11-13 19:03:15',NULL,NULL,NULL),(23,'qui','2019-11-13 19:03:15',NULL,NULL,NULL),(24,'dolores','2019-11-13 19:03:15',NULL,NULL,NULL),(25,'quo','2019-11-13 19:03:15',NULL,NULL,NULL),(26,'aspernatur','2019-11-13 19:03:15',NULL,NULL,NULL),(27,'voluptatem','2019-11-13 19:03:15',1,'2019-11-13 19:05:15',NULL),(28,'dolorem','2019-11-13 19:03:15',NULL,NULL,NULL),(29,'quisquam','2019-11-13 19:03:15',NULL,NULL,NULL),(30,'repellendus','2019-11-13 19:03:15',NULL,NULL,NULL),(31,'facere','2019-11-13 19:03:15',NULL,NULL,NULL),(32,'facilis','2019-11-13 19:03:15',NULL,NULL,NULL),(33,'praesentium','2019-11-13 19:03:15',NULL,NULL,NULL),(34,'rem','2019-11-13 19:03:15',NULL,NULL,NULL),(35,'asperiores','2019-11-13 19:03:15',NULL,NULL,NULL),(36,'aliquam','2019-11-13 19:03:15',NULL,NULL,NULL),(37,'enim','2019-11-13 19:03:15',NULL,NULL,NULL),(38,'est','2019-11-13 19:03:15',NULL,NULL,NULL),(39,'repudiandae','2019-11-13 19:03:15',NULL,NULL,NULL),(40,'quae','2019-11-13 19:03:15',NULL,NULL,NULL),(41,'numquam','2019-11-13 19:03:15',NULL,NULL,NULL),(42,'nihil','2019-11-13 19:03:15',NULL,NULL,NULL),(43,'culpa','2019-11-13 19:03:15',NULL,NULL,NULL),(44,'maxime','2019-11-13 19:03:15',NULL,NULL,NULL),(45,'ea','2019-11-13 19:03:15',NULL,NULL,NULL),(46,'rerum','2019-11-13 19:03:15',NULL,NULL,NULL),(47,'eum','2019-11-13 19:03:15',NULL,NULL,NULL),(48,'a','2019-11-13 19:03:15',NULL,NULL,NULL),(49,'doloremque','2019-11-13 19:03:15',NULL,NULL,NULL),(50,'excepturi','2019-11-13 19:03:15',NULL,NULL,NULL),(51,'vitae','2019-11-13 19:03:15',NULL,NULL,NULL),(52,'architecto','2019-11-13 19:03:15',NULL,NULL,NULL),(53,'cumque','2019-11-13 19:03:15',NULL,NULL,NULL),(54,'ipsa','2019-11-13 19:03:15',NULL,NULL,NULL),(55,'neque','2019-11-13 19:03:15',NULL,NULL,NULL),(56,'suscipit','2019-11-13 19:03:15',1,'2019-11-13 19:05:15',NULL),(57,'nam','2019-11-13 19:03:15',NULL,NULL,NULL),(58,'ex','2019-11-13 19:03:15',NULL,NULL,NULL),(59,'eaque','2019-11-13 19:03:15',NULL,NULL,NULL),(60,'modi','2019-11-13 19:03:15',NULL,NULL,NULL),(61,'consectetur','2019-11-13 19:03:15',NULL,NULL,NULL),(62,'sit','2019-11-13 19:03:15',NULL,NULL,NULL),(63,'nemo','2019-11-13 19:03:15',NULL,NULL,NULL),(64,'veniam','2019-11-13 19:03:15',NULL,NULL,NULL),(65,'eveniet','2019-11-13 19:03:15',NULL,NULL,NULL),(66,'officia','2019-11-13 19:03:15',NULL,NULL,NULL),(67,'deleniti','2019-11-13 19:03:15',NULL,NULL,NULL),(68,'necessitatibus','2019-11-13 19:03:15',NULL,NULL,NULL),(69,'odio','2019-11-13 19:03:15',NULL,NULL,NULL),(70,'soluta','2019-11-13 19:03:15',NULL,NULL,NULL),(71,'eos','2019-11-13 19:03:15',NULL,NULL,NULL),(72,'quos','2019-11-13 19:03:15',NULL,NULL,NULL),(73,'tempora','2019-11-13 19:03:15',NULL,NULL,NULL),(74,'mollitia','2019-11-13 19:03:15',NULL,NULL,NULL),(75,'repellat','2019-11-13 19:03:15',NULL,NULL,NULL),(76,'possimus','2019-11-13 19:03:15',NULL,NULL,NULL),(77,'iusto','2019-11-13 19:03:15',NULL,NULL,NULL),(78,'voluptatum','2019-11-13 19:03:15',NULL,NULL,NULL),(79,'unde','2019-11-13 19:03:15',NULL,NULL,NULL),(80,'ipsam','2019-11-13 19:03:15',NULL,NULL,NULL),(81,'dicta','2019-11-13 19:03:15',NULL,NULL,NULL),(82,'illum','2019-11-13 19:03:15',NULL,NULL,NULL),(83,'molestiae','2019-11-13 19:03:15',NULL,NULL,NULL),(84,'laboriosam','2019-11-13 19:03:15',NULL,NULL,NULL),(85,'accusantium','2019-11-13 19:03:15',NULL,NULL,NULL),(86,'perspiciatis','2019-11-13 19:03:15',NULL,NULL,NULL),(87,'ab','2019-11-13 19:03:15',NULL,NULL,NULL),(88,'sint','2019-11-13 19:03:15',NULL,NULL,NULL),(89,'id','2019-11-13 19:03:15',NULL,NULL,NULL),(90,'fugit','2019-11-13 19:03:15',NULL,NULL,NULL),(91,'commodi','2019-11-13 19:03:15',NULL,NULL,NULL),(92,'delectus','2019-11-13 19:03:15',NULL,NULL,NULL),(93,'tenetur','2019-11-13 19:03:15',NULL,NULL,NULL),(94,'harum','2019-11-13 19:03:15',NULL,NULL,NULL),(95,'consequuntur','2019-11-13 19:03:15',NULL,NULL,NULL),(96,'dignissimos','2019-11-13 19:03:15',NULL,NULL,NULL),(97,'impedit','2019-11-13 19:03:15',NULL,NULL,NULL),(98,'quod','2019-11-13 19:03:15',NULL,NULL,NULL),(99,'pariatur','2019-11-13 19:03:15',NULL,NULL,NULL),(100,'quidem','2019-11-13 19:03:15',NULL,NULL,NULL);
/*!40000 ALTER TABLE `communities` ENABLE KEYS */;
UNLOCK TABLES;

--
-- Table structure for table `communities_users`
--

DROP TABLE IF EXISTS `communities_users`;
/*!40101 SET @saved_cs_client     = @@character_set_client */;
/*!50503 SET character_set_client = utf8mb4 */;
CREATE TABLE `communities_users` (
  `community_id` int(10) unsigned NOT NULL,
  `user_id` int(10) unsigned NOT NULL,
  `is_admin` tinyint(1) DEFAULT NULL,
  `is_banned` tinyint(1) DEFAULT NULL,
  PRIMARY KEY (`community_id`,`user_id`)
) ENGINE=InnoDB DEFAULT CHARSET=utf8 COLLATE=utf8_unicode_ci;
/*!40101 SET character_set_client = @saved_cs_client */;

--
-- Dumping data for table `communities_users`
--

LOCK TABLES `communities_users` WRITE;
/*!40000 ALTER TABLE `communities_users` DISABLE KEYS */;
INSERT INTO `communities_users` VALUES (1,1,1,NULL),(2,2,NULL,NULL),(3,3,NULL,NULL),(4,4,NULL,NULL),(5,5,NULL,NULL),(6,6,NULL,NULL),(7,7,NULL,NULL),(8,8,NULL,1),(9,9,NULL,NULL),(10,10,NULL,NULL),(11,11,NULL,NULL),(12,12,1,NULL),(13,13,NULL,NULL),(14,14,NULL,NULL),(15,15,NULL,NULL),(16,16,NULL,NULL),(17,17,NULL,NULL),(18,18,NULL,NULL),(19,19,NULL,NULL),(20,20,NULL,NULL),(21,21,NULL,NULL),(22,22,NULL,NULL),(23,23,NULL,NULL),(24,24,NULL,NULL),(25,25,NULL,NULL),(26,26,NULL,NULL),(27,27,NULL,NULL),(28,28,NULL,NULL),(29,29,NULL,NULL),(30,30,NULL,NULL),(31,31,NULL,NULL),(32,32,NULL,NULL),(33,33,NULL,NULL),(34,34,1,NULL),(35,35,NULL,NULL),(36,36,NULL,NULL),(37,37,NULL,NULL),(38,38,NULL,NULL),(39,39,NULL,NULL),(40,40,NULL,NULL),(41,41,NULL,NULL),(42,42,NULL,NULL),(43,43,NULL,NULL),(44,44,NULL,NULL),(45,45,NULL,NULL),(46,46,NULL,NULL),(47,47,NULL,NULL),(48,48,NULL,NULL),(49,49,NULL,NULL),(50,50,NULL,NULL),(51,51,NULL,NULL),(52,52,NULL,NULL),(53,53,NULL,NULL),(54,54,NULL,NULL),(55,55,NULL,NULL),(56,56,1,NULL),(57,57,NULL,NULL),(58,58,NULL,NULL),(59,59,NULL,NULL),(60,60,NULL,NULL),(61,61,NULL,NULL),(62,62,NULL,NULL),(63,63,NULL,NULL),(64,64,NULL,NULL),(65,65,NULL,1),(66,66,NULL,NULL),(67,67,NULL,NULL),(68,68,NULL,NULL),(69,69,NULL,NULL),(70,70,NULL,NULL),(71,71,NULL,NULL),(72,72,NULL,NULL),(73,73,NULL,NULL),(74,74,1,NULL),(75,75,NULL,NULL),(76,76,NULL,NULL),(77,77,NULL,NULL),(78,78,NULL,NULL),(79,79,NULL,NULL),(80,80,NULL,NULL),(81,81,NULL,NULL),(82,82,NULL,NULL),(83,83,NULL,NULL),(84,84,NULL,NULL),(85,85,NULL,NULL),(86,86,NULL,NULL),(87,87,NULL,1),(88,88,NULL,NULL),(89,89,NULL,NULL),(90,90,NULL,NULL),(91,91,NULL,NULL),(92,92,NULL,NULL),(93,93,NULL,NULL),(94,94,NULL,NULL),(95,95,NULL,NULL),(96,96,NULL,NULL),(97,97,NULL,NULL),(98,98,NULL,NULL),(99,99,NULL,NULL),(100,100,NULL,NULL);
/*!40000 ALTER TABLE `communities_users` ENABLE KEYS */;
UNLOCK TABLES;

--
-- Table structure for table `friendship`
--

DROP TABLE IF EXISTS `friendship`;
/*!40101 SET @saved_cs_client     = @@character_set_client */;
/*!50503 SET character_set_client = utf8mb4 */;
CREATE TABLE `friendship` (
  `user_id` int(10) unsigned NOT NULL,
  `friend_id` int(10) unsigned NOT NULL,
  `status_id` int(10) unsigned NOT NULL,
  `requested_at` datetime DEFAULT CURRENT_TIMESTAMP,
  `confirmed_at` datetime DEFAULT NULL,
  PRIMARY KEY (`user_id`,`friend_id`)
) ENGINE=InnoDB DEFAULT CHARSET=utf8 COLLATE=utf8_unicode_ci;
/*!40101 SET character_set_client = @saved_cs_client */;

--
-- Dumping data for table `friendship`
--

LOCK TABLES `friendship` WRITE;
/*!40000 ALTER TABLE `friendship` DISABLE KEYS */;
INSERT INTO `friendship` VALUES (3,39,1,'2012-02-20 19:46:04','2013-03-24 20:36:31'),(4,42,2,'1992-06-14 23:07:33','2007-05-19 04:18:10'),(4,72,1,'2018-07-14 22:04:41','2010-08-17 21:50:20'),(6,6,3,'1999-06-21 11:50:37','1970-06-29 21:25:28'),(6,92,3,'2012-02-09 09:53:19','2011-03-16 01:32:23'),(6,99,4,'1974-12-28 05:40:59','2008-12-17 12:41:34'),(8,20,3,'1970-02-09 06:00:21','2013-04-25 16:32:15'),(8,97,4,'2019-03-25 11:01:03','1978-12-10 10:27:44'),(9,96,4,'1990-05-04 07:09:49','2018-11-06 20:01:11'),(10,7,4,'1981-12-26 13:12:45','2008-02-22 18:54:05'),(11,19,1,'2010-06-17 22:48:28','1980-12-25 01:58:36'),(11,73,3,'1987-02-19 04:04:55','1986-11-10 18:54:36'),(14,50,2,'1994-07-14 02:30:53','1998-09-10 19:40:57'),(16,1,4,'1993-04-28 02:09:26','1993-01-07 15:05:53'),(16,5,3,'1983-10-15 13:12:15','2000-03-26 04:44:04'),(16,47,1,'2004-11-05 19:26:43','2001-07-15 00:37:53'),(18,12,4,'2002-12-21 04:11:46','1992-03-07 07:22:30'),(19,5,1,'1973-12-23 02:11:22','1977-08-05 12:38:48'),(21,14,3,'1973-05-26 21:06:34','2009-03-26 11:08:22'),(21,32,4,'1981-09-26 12:51:04','1995-11-02 02:44:28'),(21,46,1,'1993-07-15 10:53:12','2006-01-22 04:15:44'),(21,57,3,'1974-08-02 23:27:09','1991-06-22 22:46:43'),(22,71,4,'1986-02-03 06:33:53','1988-07-20 09:09:20'),(22,87,2,'1983-12-03 20:36:52','1974-08-05 00:34:34'),(23,41,2,'2012-04-20 11:32:49','1970-08-15 04:55:09'),(23,79,2,'2010-12-17 13:45:22','1987-08-20 03:54:19'),(25,44,4,'2019-04-03 23:28:06','1973-07-01 22:42:38'),(26,9,1,'2000-08-21 16:32:20','2008-05-08 03:34:55'),(27,96,3,'1981-12-03 15:50:53','1991-07-03 06:26:59'),(30,94,1,'1982-03-21 09:31:18','1970-08-23 14:10:29'),(32,39,4,'1997-02-11 21:12:30','2014-09-07 09:41:05'),(33,45,2,'2015-09-30 15:50:08','1988-02-21 22:37:08'),(36,77,3,'2001-01-29 13:26:00','1995-01-14 12:38:34'),(38,91,2,'1982-05-03 04:56:32','1971-04-03 20:04:55'),(41,73,4,'1976-02-11 21:04:31','1993-04-05 02:22:55'),(42,33,1,'1986-12-30 15:15:15','1975-03-24 02:24:40'),(42,36,2,'1980-10-09 07:10:36','1971-12-26 09:21:25'),(43,30,2,'2005-05-21 01:53:31','2011-04-20 04:45:59'),(43,95,3,'2017-01-01 06:48:06','1988-02-07 06:45:39'),(44,34,4,'2001-12-31 04:10:18','2019-04-30 21:29:00'),(45,64,1,'1990-10-18 21:35:46','2011-03-29 15:22:34'),(45,83,1,'2001-11-09 18:16:19','1986-07-27 01:33:48'),(47,49,3,'1972-03-03 19:49:30','1975-09-09 14:52:02'),(48,10,3,'2002-10-22 02:24:18','2011-02-02 11:47:58'),(48,11,4,'2015-09-22 02:21:44','2018-09-01 18:53:18'),(49,27,4,'1987-09-17 01:56:09','1976-09-30 23:32:34'),(50,62,4,'1986-10-04 00:07:29','1994-12-05 12:47:56'),(51,50,1,'2006-01-03 15:15:40','2013-04-24 19:04:31'),(54,85,1,'1990-05-19 16:17:43','2008-01-25 18:16:37'),(56,77,4,'1989-11-17 21:52:37','1990-10-11 11:20:36'),(57,79,2,'1989-11-12 14:31:08','1995-09-12 13:30:29'),(58,74,4,'1970-01-13 01:45:06','2017-10-30 18:41:37'),(61,13,4,'1990-08-06 16:04:16','2019-02-25 09:12:38'),(61,16,3,'1992-03-11 06:35:31','2006-06-02 03:17:05'),(63,59,3,'1984-02-19 21:48:20','2001-12-27 00:00:40'),(64,61,4,'2011-10-29 18:45:06','1989-10-03 20:22:35'),(66,52,4,'2003-03-13 18:02:50','1970-05-09 13:22:30'),(67,75,4,'1982-01-30 19:20:20','1987-11-07 22:22:54'),(67,76,3,'1987-11-14 02:32:21','2001-08-09 20:16:04'),(67,95,2,'1998-09-26 23:42:20','2016-11-13 11:20:09'),(69,15,1,'1985-12-29 05:52:48','1983-02-17 20:59:56'),(69,76,4,'2009-10-11 13:52:38','1991-11-21 16:23:22'),(69,97,3,'2004-07-02 00:12:22','2012-03-23 14:18:51'),(70,1,2,'1984-03-05 22:11:56','2001-04-09 05:57:32'),(70,78,1,'1994-07-23 18:44:33','1990-05-12 12:44:15'),(71,28,3,'1996-06-14 05:02:42','1980-04-17 11:56:09'),(71,57,1,'2004-09-25 00:17:59','2003-08-06 02:35:35'),(72,27,1,'1978-05-08 05:47:35','1977-08-22 05:58:00'),(72,78,2,'2019-03-21 15:31:26','1972-01-31 08:47:57'),(73,23,4,'2008-01-31 13:32:29','1971-03-21 20:52:18'),(75,14,2,'1985-01-02 04:33:48','1987-04-27 13:10:41'),(75,51,1,'1986-03-18 15:13:46','1998-04-03 21:53:59'),(75,99,4,'1976-01-13 01:05:26','2008-12-24 01:08:42'),(76,47,2,'2008-08-02 20:38:53','1991-01-01 07:39:36'),(77,95,2,'1979-07-20 18:57:41','2009-10-29 05:32:17'),(78,52,2,'1974-02-23 21:07:56','1973-08-25 08:20:21'),(79,66,4,'1979-08-22 11:57:23','1984-06-11 16:18:37'),(79,77,3,'1978-11-15 00:18:06','2012-08-05 16:59:47'),(80,67,4,'1975-03-01 11:17:42','2012-11-16 20:14:26'),(81,22,4,'2010-03-14 20:22:26','1981-01-18 12:37:17'),(81,53,3,'2002-05-13 05:38:52','1978-10-09 01:27:54'),(81,82,4,'1975-06-08 13:26:16','1990-04-28 17:08:54'),(83,25,1,'1990-06-23 11:59:50','1977-08-13 16:47:02'),(83,74,2,'2015-03-03 18:51:11','2011-09-10 01:06:25'),(85,7,3,'1998-09-08 09:35:23','2016-06-02 06:06:33'),(88,96,4,'1974-08-11 17:35:10','1979-10-16 14:17:42'),(89,62,4,'2010-02-13 17:20:56','2008-08-04 07:47:54'),(91,40,1,'1984-01-01 23:33:03','1992-03-07 16:11:44'),(91,58,1,'2009-10-21 00:46:30','1988-06-09 07:14:13'),(92,59,3,'1989-12-23 02:37:28','1982-01-21 14:07:06'),(96,10,2,'1982-01-07 00:35:52','2018-06-07 05:35:54'),(96,28,3,'2015-12-13 22:30:26','2015-08-30 13:59:22'),(96,58,4,'1986-02-21 22:33:29','1997-10-12 06:41:40'),(97,83,3,'1987-06-02 10:09:59','1998-06-17 02:55:20'),(97,87,3,'2007-10-27 15:23:05','1996-05-31 10:42:25'),(98,40,2,'1981-08-16 00:01:05','1989-10-08 09:27:21'),(98,52,3,'2010-01-05 21:17:00','1977-07-10 06:47:49'),(99,79,3,'2001-09-14 07:26:53','1980-10-26 02:30:52'),(100,9,3,'1987-12-29 17:35:14','2005-08-09 16:45:09'),(100,72,1,'1994-11-28 18:44:30','2018-03-29 08:25:50');
/*!40000 ALTER TABLE `friendship` ENABLE KEYS */;
UNLOCK TABLES;

--
-- Table structure for table `friendship_statuses`
--

DROP TABLE IF EXISTS `friendship_statuses`;
/*!40101 SET @saved_cs_client     = @@character_set_client */;
/*!50503 SET character_set_client = utf8mb4 */;
CREATE TABLE `friendship_statuses` (
  `id` int(10) unsigned NOT NULL AUTO_INCREMENT,
  `name` varchar(150) CHARACTER SET utf8 COLLATE utf8_unicode_ci NOT NULL,
  PRIMARY KEY (`id`),
  UNIQUE KEY `name` (`name`)
) ENGINE=InnoDB AUTO_INCREMENT=6 DEFAULT CHARSET=utf8 COLLATE=utf8_unicode_ci;
/*!40101 SET character_set_client = @saved_cs_client */;

--
-- Dumping data for table `friendship_statuses`
--

LOCK TABLES `friendship_statuses` WRITE;
/*!40000 ALTER TABLE `friendship_statuses` DISABLE KEYS */;
INSERT INTO `friendship_statuses` VALUES (2,'facilis'),(1,'molestias'),(3,'odio'),(5,'Rejected'),(4,'velit');
/*!40000 ALTER TABLE `friendship_statuses` ENABLE KEYS */;
UNLOCK TABLES;

--
-- Table structure for table `like_types`
--

DROP TABLE IF EXISTS `like_types`;
/*!40101 SET @saved_cs_client     = @@character_set_client */;
/*!50503 SET character_set_client = utf8mb4 */;
CREATE TABLE `like_types` (
  `id` int(10) unsigned NOT NULL AUTO_INCREMENT,
  `name` varchar(100) DEFAULT NULL,
  PRIMARY KEY (`id`)
) ENGINE=InnoDB AUTO_INCREMENT=6 DEFAULT CHARSET=utf8mb4 COLLATE=utf8mb4_0900_ai_ci;
/*!40101 SET character_set_client = @saved_cs_client */;

--
-- Dumping data for table `like_types`
--

LOCK TABLES `like_types` WRITE;
/*!40000 ALTER TABLE `like_types` DISABLE KEYS */;
INSERT INTO `like_types` VALUES (1,'smile'),(2,'angry'),(3,'bohring'),(4,'What?'),(5,'Good');
/*!40000 ALTER TABLE `like_types` ENABLE KEYS */;
UNLOCK TABLES;

--
-- Table structure for table `likes`
--

DROP TABLE IF EXISTS `likes`;
/*!40101 SET @saved_cs_client     = @@character_set_client */;
/*!50503 SET character_set_client = utf8mb4 */;
CREATE TABLE `likes` (
  `id` int(10) unsigned NOT NULL AUTO_INCREMENT,
  `user_id` int(10) unsigned NOT NULL,
  `target_id` int(10) unsigned NOT NULL,
  `target_type_id` int(10) unsigned NOT NULL,
  `like_type_id` int(10) unsigned NOT NULL,
  `created_at` datetime DEFAULT CURRENT_TIMESTAMP,
  PRIMARY KEY (`id`)
) ENGINE=InnoDB AUTO_INCREMENT=101 DEFAULT CHARSET=utf8mb4 COLLATE=utf8mb4_0900_ai_ci;
/*!40101 SET character_set_client = @saved_cs_client */;

--
-- Dumping data for table `likes`
--

LOCK TABLES `likes` WRITE;
/*!40000 ALTER TABLE `likes` DISABLE KEYS */;
INSERT INTO `likes` VALUES (1,22,88,3,1,'2019-11-27 20:35:03'),(2,9,23,4,4,'2019-11-27 20:35:03'),(3,11,26,4,1,'2019-11-27 20:35:03'),(4,25,17,1,5,'2019-11-27 20:35:03'),(5,70,48,2,1,'2019-11-27 20:35:03'),(6,26,19,1,2,'2019-11-27 20:35:03'),(7,67,63,1,5,'2019-11-27 20:35:03'),(8,22,26,3,2,'2019-11-27 20:35:03'),(9,78,92,1,3,'2019-11-27 20:35:03'),(10,61,64,2,5,'2019-11-27 20:35:03'),(11,46,55,2,2,'2019-11-27 20:35:03'),(12,4,48,2,5,'2019-11-27 20:35:03'),(13,99,2,1,3,'2019-11-27 20:35:03'),(14,56,3,2,2,'2019-11-27 20:35:03'),(15,70,82,1,4,'2019-11-27 20:35:03'),(16,11,63,4,2,'2019-11-27 20:35:03'),(17,77,7,1,1,'2019-11-27 20:35:03'),(18,25,96,1,2,'2019-11-27 20:35:03'),(19,85,1,2,3,'2019-11-27 20:35:03'),(20,76,46,4,3,'2019-11-27 20:35:03'),(21,81,40,3,3,'2019-11-27 20:35:03'),(22,76,40,3,2,'2019-11-27 20:35:03'),(23,8,71,2,3,'2019-11-27 20:35:03'),(24,41,61,4,1,'2019-11-27 20:35:03'),(25,45,73,2,2,'2019-11-27 20:35:03'),(26,38,14,3,2,'2019-11-27 20:35:03'),(27,5,21,4,4,'2019-11-27 20:35:03'),(28,30,13,4,2,'2019-11-27 20:35:03'),(29,59,84,2,3,'2019-11-27 20:35:03'),(30,21,61,2,1,'2019-11-27 20:35:03'),(31,53,23,3,5,'2019-11-27 20:35:03'),(32,33,68,2,1,'2019-11-27 20:35:03'),(33,82,6,4,5,'2019-11-27 20:35:03'),(34,23,32,4,3,'2019-11-27 20:35:03'),(35,24,39,1,5,'2019-11-27 20:35:03'),(36,5,41,4,2,'2019-11-27 20:35:03'),(37,44,54,2,2,'2019-11-27 20:35:03'),(38,4,51,2,3,'2019-11-27 20:35:03'),(39,35,19,4,1,'2019-11-27 20:35:03'),(40,28,35,4,3,'2019-11-27 20:35:03'),(41,10,76,2,1,'2019-11-27 20:35:03'),(42,25,84,2,4,'2019-11-27 20:35:03'),(43,10,43,4,5,'2019-11-27 20:35:03'),(44,41,6,1,1,'2019-11-27 20:35:03'),(45,34,40,4,4,'2019-11-27 20:35:03'),(46,49,38,2,5,'2019-11-27 20:35:03'),(47,71,52,2,5,'2019-11-27 20:35:03'),(48,9,69,1,4,'2019-11-27 20:35:03'),(49,16,61,3,5,'2019-11-27 20:35:03'),(50,21,9,4,5,'2019-11-27 20:35:03'),(51,14,87,4,1,'2019-11-27 20:35:03'),(52,55,53,4,2,'2019-11-27 20:35:03'),(53,59,3,2,4,'2019-11-27 20:35:03'),(54,42,1,4,5,'2019-11-27 20:35:03'),(55,97,26,2,2,'2019-11-27 20:35:03'),(56,85,62,3,5,'2019-11-27 20:35:03'),(57,56,29,4,5,'2019-11-27 20:35:03'),(58,47,49,1,4,'2019-11-27 20:35:03'),(59,6,44,4,4,'2019-11-27 20:35:03'),(60,15,89,4,2,'2019-11-27 20:35:03'),(61,60,4,2,5,'2019-11-27 20:35:03'),(62,3,63,1,2,'2019-11-27 20:35:03'),(63,59,91,4,1,'2019-11-27 20:35:03'),(64,37,42,4,4,'2019-11-27 20:35:03'),(65,30,56,4,4,'2019-11-27 20:35:03'),(66,1,85,1,3,'2019-11-27 20:35:03'),(67,67,98,4,3,'2019-11-27 20:35:03'),(68,49,18,2,3,'2019-11-27 20:35:03'),(69,26,81,1,5,'2019-11-27 20:35:03'),(70,44,66,4,1,'2019-11-27 20:35:03'),(71,3,14,3,3,'2019-11-27 20:35:03'),(72,66,84,1,3,'2019-11-27 20:35:03'),(73,24,45,3,2,'2019-11-27 20:35:03'),(74,10,44,4,2,'2019-11-27 20:35:03'),(75,39,29,1,2,'2019-11-27 20:35:03'),(76,11,41,3,3,'2019-11-27 20:35:03'),(77,21,57,1,2,'2019-11-27 20:35:03'),(78,97,91,3,2,'2019-11-27 20:35:03'),(79,75,82,4,4,'2019-11-27 20:35:03'),(80,66,44,1,4,'2019-11-27 20:35:03'),(81,67,39,4,3,'2019-11-27 20:35:03'),(82,61,59,1,4,'2019-11-27 20:35:03'),(83,61,67,2,3,'2019-11-27 20:35:03'),(84,2,57,4,1,'2019-11-27 20:35:03'),(85,51,6,3,3,'2019-11-27 20:35:03'),(86,29,95,4,3,'2019-11-27 20:35:03'),(87,2,51,2,5,'2019-11-27 20:35:03'),(88,85,68,4,1,'2019-11-27 20:35:03'),(89,37,29,2,5,'2019-11-27 20:35:03'),(90,6,86,1,1,'2019-11-27 20:35:03'),(91,70,46,1,3,'2019-11-27 20:35:03'),(92,22,41,2,4,'2019-11-27 20:35:03'),(93,31,48,2,5,'2019-11-27 20:35:03'),(94,98,28,2,3,'2019-11-27 20:35:03'),(95,68,16,4,2,'2019-11-27 20:35:03'),(96,27,40,1,4,'2019-11-27 20:35:03'),(97,18,65,3,3,'2019-11-27 20:35:03'),(98,38,42,4,3,'2019-11-27 20:35:03'),(99,77,26,4,1,'2019-11-27 20:35:03'),(100,76,37,3,4,'2019-11-27 20:35:03');
/*!40000 ALTER TABLE `likes` ENABLE KEYS */;
UNLOCK TABLES;

--
-- Table structure for table `media`
--

DROP TABLE IF EXISTS `media`;
/*!40101 SET @saved_cs_client     = @@character_set_client */;
/*!50503 SET character_set_client = utf8mb4 */;
CREATE TABLE `media` (
  `id` int(10) unsigned NOT NULL AUTO_INCREMENT,
  `media_type_id` int(10) unsigned NOT NULL,
  `user_id` int(10) unsigned NOT NULL,
  `filename` varchar(255) CHARACTER SET utf8 COLLATE utf8_unicode_ci NOT NULL,
  `size` int(11) NOT NULL,
  `metadata` json DEFAULT NULL,
  `created_at` datetime DEFAULT CURRENT_TIMESTAMP,
  `updated_at` datetime DEFAULT CURRENT_TIMESTAMP ON UPDATE CURRENT_TIMESTAMP,
  PRIMARY KEY (`id`)
) ENGINE=InnoDB AUTO_INCREMENT=101 DEFAULT CHARSET=utf8 COLLATE=utf8_unicode_ci;
/*!40101 SET character_set_client = @saved_cs_client */;

--
-- Dumping data for table `media`
--

LOCK TABLES `media` WRITE;
/*!40000 ALTER TABLE `media` DISABLE KEYS */;
INSERT INTO `media` VALUES (1,1,73,'natus',431680,'{\"natus\": \"431680\"}','2002-06-15 16:02:40','2019-11-13 21:20:10'),(2,3,1,'non',978,'{\"non\": \"978\"}','1988-03-12 23:42:10','2019-11-13 21:31:57'),(3,3,83,'beatae',808,'{\"beatae\": \"808\"}','2019-08-20 20:37:25','2019-11-13 21:20:10'),(4,3,14,'consequatur',9,'{\"consequatur\": \"9\"}','1981-10-14 19:38:19','2019-11-13 21:31:57'),(5,2,19,'asperiores',634215,'{\"asperiores\": \"634215\"}','2001-09-18 13:39:53','2019-11-13 21:31:57'),(6,2,51,'nam',0,'{\"nam\": \"0\"}','1979-01-06 18:08:20','2019-11-13 21:31:57'),(7,2,98,'nemo',58364,'{\"nemo\": \"58364\"}','1995-06-14 23:59:57','2019-11-13 21:20:10'),(8,3,38,'expedita',445613,'{\"expedita\": \"445613\"}','2012-03-22 00:44:12','2019-11-13 21:20:10'),(9,1,97,'voluptatem',941538230,'{\"voluptatem\": \"941538230\"}','2001-10-28 14:16:59','2019-11-13 21:31:57'),(10,1,69,'laborum',0,'{\"laborum\": \"0\"}','1998-09-14 11:26:59','2019-11-13 21:31:57'),(11,1,52,'odit',76,'{\"odit\": \"76\"}','1983-02-10 18:00:42','2019-11-13 21:20:10'),(12,2,53,'et',953,'{\"et\": \"953\"}','1999-05-24 19:11:53','2019-11-13 21:20:10'),(13,3,7,'quo',263848,'{\"quo\": \"263848\"}','1971-07-27 19:31:37','2019-11-13 21:20:10'),(14,3,76,'quibusdam',7,'{\"quibusdam\": \"7\"}','2014-02-12 16:40:41','2019-11-13 21:31:57'),(15,3,57,'consectetur',7011846,'{\"consectetur\": \"7011846\"}','1989-07-29 10:42:17','2019-11-13 21:31:57'),(16,3,60,'ab',1136998,'{\"ab\": \"1136998\"}','1995-08-26 22:36:58','2019-11-13 21:31:57'),(17,3,27,'repellat',7,'{\"repellat\": \"7\"}','1990-08-19 00:38:38','2019-11-13 21:31:57'),(18,2,39,'magni',633,'{\"magni\": \"633\"}','1983-07-25 23:37:12','2019-11-20 12:48:09'),(19,1,95,'laudantium',232095,'{\"laudantium\": \"232095\"}','2008-01-04 07:36:23','2019-11-13 21:31:57'),(20,1,10,'sed',1,'{\"sed\": \"1\"}','1982-07-12 17:39:44','2019-11-13 21:31:57'),(21,1,63,'unde',8322226,'{\"unde\": \"8322226\"}','1995-01-23 14:40:52','2019-11-13 21:20:10'),(22,3,84,'et',0,'{\"et\": \"0\"}','1997-06-26 21:57:28','2019-11-13 21:31:57'),(23,1,32,'dicta',0,'{\"dicta\": \"0\"}','2008-08-25 00:40:33','2019-11-13 21:31:57'),(24,3,7,'consequuntur',207586,'{\"consequuntur\": \"207586\"}','1996-10-23 03:13:55','2019-11-13 21:31:57'),(25,1,37,'consectetur',0,'{\"consectetur\": \"0\"}','2005-05-26 16:22:50','2019-11-13 21:31:57'),(26,1,63,'et',507559,'{\"et\": \"507559\"}','2005-05-29 01:50:09','2019-11-13 21:20:10'),(27,1,3,'alias',7,'{\"alias\": \"7\"}','2013-01-04 09:17:09','2019-11-13 21:31:57'),(28,3,27,'numquam',0,'{\"numquam\": \"0\"}','2016-10-12 10:49:43','2019-11-13 21:20:10'),(29,2,27,'deserunt',56,'{\"deserunt\": \"56\"}','1972-09-25 07:01:10','2019-11-13 21:31:57'),(30,2,52,'consectetur',0,'{\"consectetur\": \"0\"}','1992-03-26 06:24:00','2019-11-13 21:31:57'),(31,3,77,'praesentium',5005151,'{\"praesentium\": \"5005151\"}','1986-02-10 22:54:27','2019-11-13 21:31:57'),(32,2,30,'beatae',766,'{\"beatae\": \"766\"}','1989-06-03 22:27:11','2019-11-13 21:20:10'),(33,2,20,'aperiam',5143438,'{\"aperiam\": \"5143438\"}','1995-11-23 10:00:44','2019-11-13 21:31:57'),(34,2,7,'quis',1552280,'{\"quis\": \"1552280\"}','1977-06-20 12:37:34','2019-11-13 21:31:57'),(35,1,77,'consequatur',0,'{\"consequatur\": \"0\"}','1985-02-04 19:25:40','2019-11-13 21:31:57'),(36,3,63,'non',29,'{\"non\": \"29\"}','2015-09-15 08:23:25','2019-11-13 21:31:57'),(37,3,81,'delectus',32925888,'{\"delectus\": \"32925888\"}','1994-08-03 13:24:01','2019-11-13 21:31:57'),(38,1,18,'saepe',404951198,'{\"saepe\": \"404951198\"}','1994-11-02 22:27:53','2019-11-13 21:31:57'),(39,3,46,'ex',0,'{\"ex\": \"0\"}','1970-08-12 10:15:56','2019-11-13 21:31:57'),(40,2,77,'aut',58,'{\"aut\": \"58\"}','1985-04-24 05:54:26','2019-11-13 21:31:57'),(41,2,43,'eos',72,'{\"eos\": \"72\"}','2003-08-24 15:38:49','2019-11-13 21:31:57'),(42,1,87,'sed',688837,'{\"sed\": \"688837\"}','1975-05-09 13:30:30','2019-11-13 21:31:57'),(43,1,2,'blanditiis',4,'{\"blanditiis\": \"4\"}','2011-12-01 05:47:35','2019-11-13 21:31:57'),(44,3,52,'ducimus',9503,'{\"ducimus\": \"9503\"}','2003-05-31 10:09:22','2019-11-13 21:31:57'),(45,3,50,'rerum',0,'{\"rerum\": \"0\"}','1994-02-17 13:24:28','2019-11-13 21:31:57'),(46,3,96,'quibusdam',2693,'{\"quibusdam\": \"2693\"}','1997-08-22 14:29:40','2019-11-13 21:31:57'),(47,2,29,'et',906492,'{\"et\": \"906492\"}','1993-07-07 12:50:43','2019-11-13 21:20:10'),(48,3,58,'magnam',3,'{\"magnam\": \"3\"}','1990-03-12 07:13:29','2019-11-13 21:20:10'),(49,2,3,'voluptas',81149204,'{\"voluptas\": \"81149204\"}','2007-12-25 06:06:11','2019-11-13 21:31:57'),(50,2,40,'labore',0,'{\"labore\": \"0\"}','2006-07-28 07:29:41','2019-11-13 21:31:57'),(51,3,88,'a',0,'{\"a\": \"0\"}','2015-08-05 23:06:24','2019-11-13 21:31:57'),(52,2,22,'maiores',212140,'{\"maiores\": \"212140\"}','1986-08-06 03:38:44','2019-11-13 21:20:10'),(53,2,47,'fugiat',951938,'{\"fugiat\": \"951938\"}','1990-02-11 15:06:08','2019-11-13 21:31:57'),(54,2,65,'debitis',165807532,'{\"debitis\": \"165807532\"}','2004-06-28 11:23:01','2019-11-13 21:31:57'),(55,2,84,'qui',6585,'{\"qui\": \"6585\"}','2000-02-10 03:10:05','2019-11-13 21:31:57'),(56,2,26,'esse',4,'{\"esse\": \"4\"}','2016-02-11 10:48:52','2019-11-13 21:31:57'),(57,2,77,'cum',5,'{\"cum\": \"5\"}','1976-04-25 17:56:17','2019-11-13 21:20:10'),(58,1,6,'est',92221,'{\"est\": \"92221\"}','1978-02-01 14:57:36','2019-11-13 21:31:57'),(59,3,97,'rem',0,'{\"rem\": \"0\"}','2001-11-19 02:39:05','2019-11-13 21:31:57'),(60,3,68,'sequi',268871476,'{\"sequi\": \"268871476\"}','2008-12-27 10:48:31','2019-11-13 21:31:57'),(61,1,46,'perspiciatis',3848695,'{\"perspiciatis\": \"3848695\"}','2015-06-13 18:01:53','2019-11-13 21:20:10'),(62,2,29,'iste',15531,'{\"iste\": \"15531\"}','1980-09-09 04:07:39','2019-11-13 21:20:10'),(63,1,6,'suscipit',23288,'{\"suscipit\": \"23288\"}','1982-11-19 20:05:26','2019-11-13 21:31:57'),(64,1,40,'veritatis',501,'{\"veritatis\": \"501\"}','1986-08-08 14:26:07','2019-11-13 21:31:57'),(65,1,84,'consequuntur',70,'{\"consequuntur\": \"70\"}','2004-06-20 04:17:29','2019-11-13 21:31:57'),(66,1,97,'nihil',712526,'{\"nihil\": \"712526\"}','1979-01-31 15:20:02','2019-11-13 21:20:10'),(67,3,32,'aliquam',0,'{\"aliquam\": \"0\"}','2004-11-03 16:45:08','2019-11-13 21:31:57'),(68,2,71,'voluptatem',4,'{\"voluptatem\": \"4\"}','2014-06-11 13:47:53','2019-11-13 21:31:57'),(69,1,39,'velit',800330,'{\"velit\": \"800330\"}','1974-03-04 20:41:45','2019-11-20 12:48:09'),(70,1,69,'id',2860979,'{\"id\": \"2860979\"}','2017-07-26 05:23:51','2019-11-13 21:31:57'),(71,1,74,'occaecati',255,'{\"occaecati\": \"255\"}','2019-04-25 07:44:59','2019-11-13 21:20:10'),(72,1,65,'et',44,'{\"et\": \"44\"}','1990-12-15 21:07:00','2019-11-13 21:31:57'),(73,3,3,'cum',40291,'{\"cum\": \"40291\"}','1979-12-23 14:02:49','2019-11-13 21:20:10'),(74,1,17,'officiis',8280,'{\"officiis\": \"8280\"}','2003-12-16 01:09:55','2019-11-13 21:31:57'),(75,1,75,'nulla',34,'{\"nulla\": \"34\"}','2008-01-18 02:11:46','2019-11-13 21:31:57'),(76,3,26,'sit',2,'{\"sit\": \"2\"}','1972-02-10 15:40:12','2019-11-13 21:31:57'),(77,2,2,'fugit',3568205,'{\"fugit\": \"3568205\"}','1972-12-29 16:11:07','2019-11-13 21:20:10'),(78,3,34,'deleniti',7283,'{\"deleniti\": \"7283\"}','1980-09-07 09:23:42','2019-11-13 21:20:10'),(79,1,64,'minima',395872375,'{\"minima\": \"395872375\"}','1986-02-21 02:14:02','2019-11-13 21:31:57'),(80,1,15,'est',3356446,'{\"est\": \"3356446\"}','1987-10-31 11:48:22','2019-11-13 21:31:57'),(81,1,84,'ut',25185,'{\"ut\": \"25185\"}','1987-06-02 15:09:14','2019-11-13 21:20:10'),(82,3,73,'inventore',71905,'{\"inventore\": \"71905\"}','1986-06-12 20:57:10','2019-11-13 21:31:57'),(83,3,14,'quaerat',801350763,'{\"quaerat\": \"801350763\"}','2007-07-29 22:20:02','2019-11-13 21:20:10'),(84,2,49,'minima',0,'{\"minima\": \"0\"}','2014-05-24 04:19:22','2019-11-13 21:31:57'),(85,2,5,'explicabo',839,'{\"explicabo\": \"839\"}','1972-12-07 18:33:31','2019-11-13 21:31:57'),(86,3,75,'aut',1353816,'{\"aut\": \"1353816\"}','2013-12-12 20:08:48','2019-11-13 21:31:57'),(87,2,59,'nisi',85,'{\"nisi\": \"85\"}','1994-08-31 22:14:05','2019-11-13 21:20:10'),(88,2,72,'exercitationem',1,'{\"exercitationem\": \"1\"}','2002-09-07 18:03:20','2019-11-13 21:31:57'),(89,2,83,'sed',28790,'{\"sed\": \"28790\"}','1987-08-17 12:55:18','2019-11-13 21:31:57'),(90,1,96,'rerum',0,'{\"rerum\": \"0\"}','2018-03-07 21:52:56','2019-11-13 21:31:57'),(91,3,31,'aperiam',848000,'{\"aperiam\": \"848000\"}','1982-05-30 21:11:51','2019-11-13 21:31:57'),(92,2,69,'repellendus',20737,'{\"repellendus\": \"20737\"}','1977-11-05 21:57:01','2019-11-13 21:20:10'),(93,3,49,'molestiae',280,'{\"molestiae\": \"280\"}','1972-06-09 14:02:19','2019-11-13 21:20:10'),(94,2,37,'quo',672578507,'{\"quo\": \"672578507\"}','1984-05-14 16:00:37','2019-11-13 21:31:57'),(95,2,40,'est',8697,'{\"est\": \"8697\"}','1974-02-25 21:39:16','2019-11-13 21:31:57'),(96,3,88,'saepe',673743,'{\"saepe\": \"673743\"}','1972-03-12 15:30:07','2019-11-13 21:31:57'),(97,2,21,'culpa',495,'{\"culpa\": \"495\"}','1975-10-27 14:59:17','2019-11-13 21:20:10'),(98,1,38,'omnis',9084,'{\"omnis\": \"9084\"}','1977-12-28 20:56:22','2019-11-13 21:31:57'),(99,1,28,'ratione',8,'{\"ratione\": \"8\"}','1980-01-26 15:14:20','2019-11-13 21:31:57'),(100,1,27,'dolores',985,'{\"dolores\": \"985\"}','1975-02-16 04:36:07','2019-11-13 21:31:57');
/*!40000 ALTER TABLE `media` ENABLE KEYS */;
UNLOCK TABLES;

--
-- Table structure for table `media_types`
--

DROP TABLE IF EXISTS `media_types`;
/*!40101 SET @saved_cs_client     = @@character_set_client */;
/*!50503 SET character_set_client = utf8mb4 */;
CREATE TABLE `media_types` (
  `id` int(10) unsigned NOT NULL AUTO_INCREMENT,
  `name` varchar(255) CHARACTER SET utf8 COLLATE utf8_unicode_ci NOT NULL,
  PRIMARY KEY (`id`),
  UNIQUE KEY `name` (`name`)
) ENGINE=InnoDB AUTO_INCREMENT=4 DEFAULT CHARSET=utf8 COLLATE=utf8_unicode_ci;
/*!40101 SET character_set_client = @saved_cs_client */;

--
-- Dumping data for table `media_types`
--

LOCK TABLES `media_types` WRITE;
/*!40000 ALTER TABLE `media_types` DISABLE KEYS */;
INSERT INTO `media_types` VALUES (3,'audio'),(1,'photo'),(2,'video');
/*!40000 ALTER TABLE `media_types` ENABLE KEYS */;
UNLOCK TABLES;

--
-- Table structure for table `messages`
--

DROP TABLE IF EXISTS `messages`;
/*!40101 SET @saved_cs_client     = @@character_set_client */;
/*!50503 SET character_set_client = utf8mb4 */;
CREATE TABLE `messages` (
  `id` int(10) unsigned NOT NULL AUTO_INCREMENT,
  `from_user_id` int(10) unsigned NOT NULL,
  `to_user_id` int(10) unsigned NOT NULL,
  `header` varchar(255) CHARACTER SET utf8 COLLATE utf8_unicode_ci DEFAULT NULL,
  `body` text CHARACTER SET utf8 COLLATE utf8_unicode_ci NOT NULL,
  `attached_media_id` int(10) unsigned DEFAULT NULL,
  `is_important` tinyint(1) DEFAULT NULL,
  `is_delivered` tinyint(1) DEFAULT NULL,
  `created_at` datetime DEFAULT CURRENT_TIMESTAMP,
  PRIMARY KEY (`id`),
  KEY `messages_from_user_id_fk` (`from_user_id`),
  KEY `messages_to_user_id_fk` (`to_user_id`),
  CONSTRAINT `messages_from_user_id_fk` FOREIGN KEY (`from_user_id`) REFERENCES `users` (`id`),
  CONSTRAINT `messages_to_user_id_fk` FOREIGN KEY (`to_user_id`) REFERENCES `users` (`id`)
) ENGINE=InnoDB AUTO_INCREMENT=101 DEFAULT CHARSET=utf8 COLLATE=utf8_unicode_ci;
/*!40101 SET character_set_client = @saved_cs_client */;

--
-- Dumping data for table `messages`
--

LOCK TABLES `messages` WRITE;
/*!40000 ALTER TABLE `messages` DISABLE KEYS */;
INSERT INTO `messages` VALUES (1,49,64,'Dolor eaque illo qui impedit sunt. Esse laboriosam','Dolor eaque illo qui impedit sunt. Esse laboriosam mollitia recusandae et. Animi consequuntur aut voluptatum ut nisi.',84,0,1,'1986-04-07 21:31:22'),(2,73,72,'Voluptatem aut molestiae cum temporibus eum. Qui a','Voluptatem aut molestiae cum temporibus eum. Qui aut vel eaque ratione hic est. In velit fugit hic et sed aperiam.',1,0,0,'1980-09-26 22:11:35'),(3,41,88,'Et culpa similique qui culpa cum iure. Autem delec','Et culpa similique qui culpa cum iure. Autem delectus magnam quis quo. Qui rerum et et consectetur. Autem dolores dignissimos dolores fuga sint tempora similique.',NULL,1,0,'1997-07-24 22:55:47'),(4,16,17,'Veritatis aperiam debitis consectetur laboriosam i','Veritatis aperiam debitis consectetur laboriosam itaque. Laborum dolore ut temporibus aut fuga voluptas modi. Eligendi commodi quae nihil ut.',NULL,0,0,'1996-04-02 15:17:16'),(5,29,100,'Laboriosam deserunt consequuntur officia impedit d','Laboriosam deserunt consequuntur officia impedit dolores omnis voluptatem. Eos voluptate reiciendis officia odio sapiente non odit. Beatae sequi cum natus iure suscipit architecto inventore.',47,1,0,'1988-07-11 12:07:45'),(6,12,60,'Iure adipisci optio dolorem rem. Explicabo provide','Iure adipisci optio dolorem rem. Explicabo provident rerum voluptatem veritatis asperiores est impedit. Distinctio non dolor dolore vero omnis. Quis dolorum sunt maiores labore. Qui iste tempora omnis consectetur cupiditate sed.',NULL,1,0,'2010-01-09 08:32:31'),(7,61,25,'Odio modi laboriosam voluptas dolores. Tenetur exc','Odio modi laboriosam voluptas dolores. Tenetur excepturi dolorem et consequatur. Itaque qui nihil quas quia est animi eum.',NULL,1,1,'1983-09-08 10:11:37'),(8,44,43,'Qui aliquid et molestias est officia voluptatibus ','Qui aliquid et molestias est officia voluptatibus nesciunt. Quam provident at sit culpa deleniti tenetur et. Aut hic ad quos quidem repellat tempore est. Necessitatibus et quos mollitia modi eaque eum.',NULL,1,0,'2015-12-12 21:20:47'),(9,81,76,'Sed quis consequuntur modi quod quam nemo magnam. ','Sed quis consequuntur modi quod quam nemo magnam. Et nesciunt eveniet tempora. Facilis eos non qui aut delectus odio illum soluta. Laboriosam quo molestiae esse repellendus.',37,1,1,'1970-05-26 04:18:30'),(10,39,65,'Facere neque hic iusto assumenda inventore. Cumque','Facere neque hic iusto assumenda inventore. Cumque porro quo mollitia voluptate ut quam. Sapiente voluptate ullam unde magnam placeat omnis exercitationem porro. Consequatur consequatur incidunt laboriosam qui ducimus nihil.',NULL,0,0,'2019-01-26 12:12:04'),(11,7,42,'Iusto libero est tempora ut. Ullam sit provident a','Iusto libero est tempora ut. Ullam sit provident aut provident corrupti vel magnam. Ad possimus totam fugit facilis qui. Officia eum rerum sint velit inventore quis rerum.',13,1,0,'1989-09-25 02:20:43'),(12,87,9,'Et nemo aut voluptatem id vel occaecati nesciunt a','Et nemo aut voluptatem id vel occaecati nesciunt aut. Et nihil officia aspernatur ad itaque aut sit. Tenetur eum aut est accusantium fugit et nam.',42,1,1,'1990-08-10 13:37:15'),(13,82,83,'Aut nihil dolorem et et. Reiciendis voluptas est a','Aut nihil dolorem et et. Reiciendis voluptas est aperiam consequuntur consectetur commodi ratione. Blanditiis quis omnis reiciendis.',NULL,1,1,'2014-10-16 10:42:10'),(14,52,78,'Mollitia doloribus nulla doloribus et nobis. Est n','Mollitia doloribus nulla doloribus et nobis. Est neque quas in id vel. Eveniet eum nemo autem eveniet labore aut. Minus earum ad culpa facere.',54,0,0,'1998-02-24 19:24:24'),(15,94,37,'Magni illo doloremque qui. Error doloribus et aut ','Magni illo doloremque qui. Error doloribus et aut illo aut. Quod eligendi eveniet ea aut fugit saepe. Et et officia quibusdam dolorem fuga.',NULL,0,1,'2007-06-26 21:10:28'),(16,78,52,'Libero natus autem consequatur suscipit ipsam reic','Libero natus autem consequatur suscipit ipsam reiciendis. Qui consectetur et itaque aperiam. Molestiae id mollitia aperiam perspiciatis deserunt debitis velit. Quam sint quia quaerat ea.',43,1,0,'1971-01-31 21:43:12'),(17,92,59,'Aut ipsum est rerum eum optio quibusdam nihil. Et ','Aut ipsum est rerum eum optio quibusdam nihil. Et ducimus assumenda est aut assumenda debitis id. Quam mollitia necessitatibus unde sed totam in accusamus.',NULL,0,1,'1995-12-19 02:41:41'),(18,21,27,'Dolores reprehenderit incidunt distinctio repellat','Dolores reprehenderit incidunt distinctio repellat consectetur dolores. Eum expedita esse nulla sed placeat nobis cumque ea.',97,0,1,'2014-01-04 21:37:34'),(19,52,66,'Voluptatem vel autem occaecati at non. Quae praese','Voluptatem vel autem occaecati at non. Quae praesentium voluptatibus odit harum et inventore. Provident aut asperiores voluptatem quas minima. Ea est modi minima consequatur inventore qui odio. Aut non sint amet illo necessitatibus consectetur necessitatibus.',10,1,0,'1978-07-21 08:28:04'),(20,22,12,'Accusantium iusto veniam vel voluptatibus assumend','Accusantium iusto veniam vel voluptatibus assumenda quia et alias. Qui a eius dolore veniam. Facilis voluptates molestias laborum eveniet placeat ex. Ut expedita qui aspernatur mollitia ut.',52,1,1,'1997-06-04 16:14:38'),(21,95,36,'Est possimus explicabo quis quibusdam voluptatem. ','Est possimus explicabo quis quibusdam voluptatem. Amet sint similique sit et. Voluptatem dolorem iste ullam quo.',19,1,0,'2013-02-27 13:34:18'),(22,95,65,'Aliquam sed itaque quis mollitia vel. Nam nam enim','Aliquam sed itaque quis mollitia vel. Nam nam enim aspernatur repellendus. Perferendis sint dolores velit dolor vel rerum. Aut doloremque esse vel.',19,0,0,'2003-07-14 05:42:25'),(23,41,9,'Aut optio suscipit doloribus qui doloribus qui rep','Aut optio suscipit doloribus qui doloribus qui reprehenderit. Possimus quis alias dolores cumque. Est nemo voluptatum est et.',NULL,1,1,'1997-02-04 15:14:15'),(24,21,79,'Et nemo adipisci eum. Vel autem corrupti laborum e','Et nemo adipisci eum. Vel autem corrupti laborum enim voluptas fugit quis. Aut repellendus pariatur explicabo quos sint iure. Inventore commodi vero iste cum.',97,0,0,'1977-09-27 04:47:38'),(25,32,21,'Repellendus ut et laborum enim exercitationem. Rer','Repellendus ut et laborum enim exercitationem. Rerum et repudiandae consequatur perferendis nostrum illum. Quo perferendis dolores architecto rerum quaerat error incidunt. Necessitatibus quaerat sint est veritatis.',23,0,1,'2011-12-20 20:20:20'),(26,8,77,'Dolores ipsa qui libero molestiae. Quo enim ut qui','Dolores ipsa qui libero molestiae. Quo enim ut quis. Corporis laboriosam et similique dolores facere. Tenetur veritatis ipsa accusantium est.',NULL,0,1,'2002-04-24 15:26:14'),(27,60,71,'Cupiditate voluptatem atque ut quia. Quaerat asper','Cupiditate voluptatem atque ut quia. Quaerat asperiores consectetur dolorum enim quia ut. Asperiores quasi sunt officia consequatur. Quisquam unde ut aut nihil.',16,0,1,'1989-10-09 21:28:28'),(28,73,52,'Corrupti velit dolorem sed necessitatibus asperior','Corrupti velit dolorem sed necessitatibus asperiores illum. Omnis incidunt assumenda nihil error exercitationem sit. Est debitis laboriosam ut dolor consequuntur minima quisquam. Dolores assumenda ab qui et rerum ea cupiditate.',1,1,0,'1980-12-03 19:13:53'),(29,41,47,'Distinctio est quasi optio optio natus provident. ','Distinctio est quasi optio optio natus provident. Odio repudiandae qui et aut non totam commodi. Est saepe illum aspernatur labore nobis nemo sed. Voluptate sunt dolorem libero eum debitis architecto sed quaerat.',NULL,1,0,'1984-05-21 01:40:02'),(30,13,21,'Voluptatum veniam iusto maiores reprehenderit. Rep','Voluptatum veniam iusto maiores reprehenderit. Repudiandae nam ullam illum numquam eos eum soluta. Natus asperiores repellat corporis iusto. Ut occaecati ut quis assumenda eum doloribus.',NULL,0,0,'2007-01-28 13:08:41'),(31,69,79,'Modi nemo laborum magnam et. Nemo sunt mollitia au','Modi nemo laborum magnam et. Nemo sunt mollitia aut qui temporibus unde. Illo voluptas sunt alias velit eos qui inventore. Sit itaque dolorem id omnis adipisci. Facere omnis ratione ad fuga sunt quibusdam aut.',10,1,1,'1991-01-22 11:58:57'),(32,87,100,'Placeat perspiciatis recusandae eum eveniet. Nihil','Placeat perspiciatis recusandae eum eveniet. Nihil quo earum iusto adipisci est qui. Beatae modi rerum veritatis dolorum adipisci. Rerum deleniti rem architecto officia voluptatem et corrupti.',42,0,0,'1976-02-16 02:43:46'),(33,39,93,'Harum eligendi omnis impedit. Autem accusantium co','Harum eligendi omnis impedit. Autem accusantium corporis ab non illo recusandae. Aut dolor id autem fugiat.',NULL,1,0,'1985-01-16 16:49:36'),(34,46,51,'Velit aut autem ducimus eaque. Quibusdam tempora e','Velit aut autem ducimus eaque. Quibusdam tempora et et. Ea sunt quisquam eum modi aut. Et quidem quia minus.',39,1,0,'1979-12-03 13:10:57'),(35,15,25,'Et consequatur ut placeat est. Consequatur perspic','Et consequatur ut placeat est. Consequatur perspiciatis architecto veritatis.',80,0,0,'1974-12-27 22:37:42'),(36,77,12,'Ducimus a eaque sed dolorem quia. Nihil aut volupt','Ducimus a eaque sed dolorem quia. Nihil aut voluptatem deleniti deserunt saepe. Unde asperiores voluptatem itaque molestiae quisquam cum sed.',31,1,0,'2012-02-18 22:37:18'),(37,26,95,'Cupiditate at vel quidem assumenda eum aut repelle','Cupiditate at vel quidem assumenda eum aut repellendus rerum. Est labore nostrum laboriosam assumenda iusto. A ratione sint dolorum itaque dolor non.',56,1,0,'1990-09-11 14:36:01'),(38,95,90,'Voluptas architecto ea molestiae iusto in. Sapient','Voluptas architecto ea molestiae iusto in. Sapiente facilis maiores cum libero provident similique. Impedit eum enim totam possimus sint.',19,0,1,'1999-06-17 20:35:06'),(39,63,46,'Laborum voluptate quia et vel magnam dolorem ut. Q','Laborum voluptate quia et vel magnam dolorem ut. Quia provident delectus aperiam sed illum earum ducimus quia. Quos autem facere enim placeat aliquid. Magni et reiciendis expedita enim minus. Rerum perferendis labore et aut provident cum enim.',21,0,0,'1975-07-04 04:53:35'),(40,41,68,'Eos illo dolorem porro aut qui qui. Ullam voluptas','Eos illo dolorem porro aut qui qui. Ullam voluptas nam omnis ipsum eius facere. Quibusdam amet nihil voluptatibus quo optio nulla et laudantium. Eos unde praesentium dignissimos tempore voluptas laborum. Architecto velit cupiditate distinctio minus placeat.',NULL,0,1,'1984-06-13 15:08:12'),(41,14,68,'Voluptatem quod cumque praesentium possimus numqua','Voluptatem quod cumque praesentium possimus numquam occaecati eum nihil. Natus illo voluptatibus doloribus suscipit sit. Est aut magnam pariatur esse qui. Blanditiis laborum impedit voluptates eos fugiat.',4,1,1,'2018-12-24 09:45:53'),(42,95,73,'Dolorem molestiae velit nesciunt quas. Reiciendis ','Dolorem molestiae velit nesciunt quas. Reiciendis nihil nesciunt rerum.',19,0,0,'1981-03-23 02:55:00'),(43,78,52,'Veritatis error asperiores libero non aut aut reru','Veritatis error asperiores libero non aut aut rerum. Voluptatum facilis expedita vitae voluptas dignissimos id laudantium. Nostrum est voluptatem corporis explicabo et. Eaque sunt deleniti quo quidem ab doloribus sint.',NULL,1,0,'2017-05-22 02:15:34'),(44,11,49,'Sit ea voluptates velit qui fugiat. Omnis sunt hic','Sit ea voluptates velit qui fugiat. Omnis sunt hic repellendus aut omnis. Repellat sint esse dolores ratione repellendus ad totam. Rerum sint dolor qui aut explicabo quam labore sapiente. Vitae praesentium esse voluptas quaerat autem vitae.',NULL,0,0,'1974-09-03 01:40:13'),(45,13,15,'Corrupti autem dignissimos alias est. Maiores vel ','Corrupti autem dignissimos alias est. Maiores vel est dolores. Id et sint aut et fuga est enim. Totam quo nihil voluptatem iusto unde voluptate.',NULL,0,0,'2002-08-22 19:12:18'),(46,36,37,'Et nihil assumenda eum enim quia vel consequuntur.','Et nihil assumenda eum enim quia vel consequuntur. Quia aut beatae ut dolor enim. Omnis est odio quod qui.',NULL,1,0,'1979-08-28 10:57:07'),(47,70,44,'Eius qui molestiae officia provident maiores. Quis','Eius qui molestiae officia provident maiores. Quis velit ratione odit sint. Saepe reiciendis et dolores doloremque molestias. Aspernatur quis corrupti et totam sed.',NULL,1,0,'1973-11-02 22:03:42'),(48,7,5,'Adipisci tempora facilis aut et. At quo quo atque ','Adipisci tempora facilis aut et. At quo quo atque architecto explicabo. Totam cupiditate amet hic labore. Deserunt libero delectus est unde quasi.',13,0,0,'2012-11-08 22:58:54'),(49,4,1,'In illum velit dolor occaecati. Sed modi sequi mol','In illum velit dolor occaecati. Sed modi sequi molestiae voluptatem hic. Rerum similique perspiciatis et quia repudiandae cum.',NULL,1,0,'2010-11-10 07:53:09'),(50,96,74,'Commodi et voluptatibus aut dignissimos libero. Qu','Commodi et voluptatibus aut dignissimos libero. Quo blanditiis et sit harum qui. Corporis architecto voluptatem id et rerum repellat voluptas.',46,0,1,'1988-09-12 13:59:29'),(51,84,95,'Inventore ut et facilis eum deleniti ut occaecati ','Inventore ut et facilis eum deleniti ut occaecati eligendi. Consequuntur sunt accusamus et id. Et quos rerum corrupti fugit et magni quod.',22,0,1,'2011-07-29 16:33:44'),(52,22,27,'Fugit autem ut optio rerum eum. Voluptatibus nesci','Fugit autem ut optio rerum eum. Voluptatibus nesciunt quis consequuntur natus qui.',52,0,0,'1990-01-07 19:05:45'),(53,66,52,'Eum cumque quod modi dolores cum numquam. Eius rem','Eum cumque quod modi dolores cum numquam. Eius rem aut qui dolores aliquid dolores culpa. Ea et modi illo velit et non placeat. Vero ea porro ut vitae ut inventore sed.',NULL,0,1,'2010-05-13 05:40:49'),(54,57,30,'Minima illum dignissimos illo distinctio magni aut','Minima illum dignissimos illo distinctio magni aut incidunt molestias. Facere nulla sit molestias. Ut eos hic necessitatibus impedit cupiditate magni nemo. Commodi accusantium voluptatem rem et aut reiciendis est consequatur.',15,0,0,'2016-02-25 14:31:41'),(55,80,11,'Nulla a et quis non id. Minus placeat non corporis','Nulla a et quis non id. Minus placeat non corporis temporibus non. Molestiae perspiciatis aliquam eum autem.',NULL,0,1,'1991-07-06 03:19:48'),(56,12,26,'Eius est et aperiam facilis inventore natus. Sit n','Eius est et aperiam facilis inventore natus. Sit nihil accusamus sed eaque et illo.',NULL,0,1,'1973-10-31 12:38:22'),(57,96,99,'Non excepturi officia delectus totam. Ab nobis con','Non excepturi officia delectus totam. Ab nobis consequatur eaque velit molestiae consequuntur. Molestiae quod et maxime.',46,0,0,'1980-02-10 12:47:35'),(58,8,40,'Repudiandae et beatae ut ut iure consequatur facer','Repudiandae et beatae ut ut iure consequatur facere. Reiciendis laborum nostrum ipsa explicabo voluptatum ut laudantium. Molestias quaerat sit ea et. Illo quod placeat ratione nostrum velit ducimus eveniet.',NULL,0,1,'1980-05-31 20:56:32'),(59,52,66,'Dolor sit et quisquam porro dolorum et illum qui. ','Dolor sit et quisquam porro dolorum et illum qui. Assumenda harum delectus aut odio labore odio distinctio velit. A a quasi tempore officiis quidem natus est vero. Optio porro doloribus nemo ex.',31,0,0,'1998-10-31 00:19:03'),(60,97,88,'Dolorem quisquam ullam tempora expedita sunt numqu','Dolorem quisquam ullam tempora expedita sunt numquam. Eos et iusto explicabo illum. Magni at omnis aut enim delectus odit accusantium.',9,0,0,'1984-05-07 14:07:33'),(61,47,69,'Aut voluptate id exercitationem voluptatem. Expedi','Aut voluptate id exercitationem voluptatem. Expedita maxime qui minus sapiente.',53,0,1,'2016-05-14 23:25:55'),(62,5,20,'Error veritatis qui sed atque sit. Voluptatem volu','Error veritatis qui sed atque sit. Voluptatem voluptatem placeat at necessitatibus vero ipsam. Eius ut rerum maxime voluptas.',85,1,0,'1981-02-13 11:42:18'),(63,81,45,'Et omnis debitis soluta voluptas dolorem. Quisquam','Et omnis debitis soluta voluptas dolorem. Quisquam hic quis at non. Rerum qui necessitatibus error impedit. Itaque atque inventore distinctio sunt. Voluptates aperiam rerum dolor in error cupiditate.',37,1,1,'1988-07-06 08:49:33'),(64,80,68,'Eum omnis maxime aliquam dolores vero libero inven','Eum omnis maxime aliquam dolores vero libero inventore. Corrupti inventore facilis aspernatur non occaecati debitis adipisci. Delectus in soluta consequatur tempora et temporibus porro. Corporis qui beatae aliquid nisi accusantium.',NULL,0,0,'2004-12-01 19:04:04'),(65,97,80,'Distinctio natus aliquid molestiae ut. Eligendi co','Distinctio natus aliquid molestiae ut. Eligendi consequuntur et repellat vitae ipsum. Eos est quasi officia ut voluptatem impedit corrupti. Vel dicta eum veritatis nobis.',9,1,0,'2007-08-13 20:28:17'),(66,10,11,'Consequatur nihil aspernatur amet deleniti pariatu','Consequatur nihil aspernatur amet deleniti pariatur. Qui deleniti qui et quia et adipisci occaecati. Nesciunt debitis ut deleniti quisquam voluptatem. Quam laboriosam nam minus.',20,1,1,'2019-09-06 02:53:30'),(67,18,58,'Exercitationem nulla est et aut adipisci. Consequa','Exercitationem nulla est et aut adipisci. Consequatur perferendis commodi iste ut tenetur illum eaque. Ratione laboriosam nemo labore ipsam. Culpa temporibus dolor accusantium et placeat omnis.',38,0,0,'1994-08-03 04:33:51'),(68,38,16,'Quidem odio cumque tempore eveniet ut. Recusandae ','Quidem odio cumque tempore eveniet ut. Recusandae illum aut quia voluptatem ipsum et. Sint aut dolores rerum asperiores eius at sit. Alias dolore suscipit aut nemo.',8,1,0,'1982-05-31 18:43:11'),(69,64,73,'Consectetur occaecati itaque repudiandae quos. Tem','Consectetur occaecati itaque repudiandae quos. Tempora voluptate non et ipsam iste. Rerum non animi quod et reiciendis. Saepe eos sunt explicabo voluptas et vero.',79,0,1,'2010-09-14 21:47:07'),(70,71,38,'Laudantium dolores consectetur unde repellat. Quas','Laudantium dolores consectetur unde repellat. Quas amet voluptatibus ut consequatur sint sapiente repudiandae.',68,1,1,'2011-08-07 08:06:10'),(71,74,57,'Illum optio dolorem voluptate perspiciatis eos pra','Illum optio dolorem voluptate perspiciatis eos praesentium. Ullam consequatur ad neque omnis molestias ea velit. Consequatur sint sint veniam dolorem illum nihil. Et omnis possimus porro sunt molestias. Iure nisi aut quis qui qui.',71,0,0,'1997-02-18 07:40:17'),(72,61,32,'Laudantium quia et ut omnis quam. Et dicta iure et','Laudantium quia et ut omnis quam. Et dicta iure et ex sint nesciunt. Ipsam ea quia eos doloribus. Aliquid ut eveniet sint recusandae et ut iste. Autem dolor distinctio eum alias rerum.',NULL,0,1,'2019-01-16 15:27:46'),(73,52,98,'Rerum praesentium dolorem at temporibus iure. Recu','Rerum praesentium dolorem at temporibus iure. Recusandae asperiores dolores quis odit sequi veniam. Voluptatem animi officia voluptatibus illo architecto quis non delectus.',NULL,1,1,'2007-11-04 22:48:57'),(74,53,69,'Harum aut optio quisquam commodi qui. Est recusand','Harum aut optio quisquam commodi qui. Est recusandae accusantium ea earum aspernatur qui est. Ducimus distinctio omnis nesciunt itaque qui.',12,1,0,'2013-05-14 19:54:56'),(75,88,32,'Rerum cumque quia deleniti. Odio quaerat explicabo','Rerum cumque quia deleniti. Odio quaerat explicabo et vel minus earum incidunt. Et facere molestiae voluptas.',51,1,1,'2014-06-16 16:34:16'),(76,94,73,'Quis blanditiis nulla dignissimos molestiae assume','Quis blanditiis nulla dignissimos molestiae assumenda. Quaerat qui quis a ut recusandae harum quia repudiandae. Suscipit sit voluptas molestiae cupiditate ut dolorem aut excepturi. Velit reiciendis hic nostrum libero voluptatem.',NULL,0,1,'1974-04-05 16:32:47'),(77,84,1,'Id dolorem similique atque earum molestias. Nihil ','Id dolorem similique atque earum molestias. Nihil vitae facilis consectetur ea.',22,0,0,'2000-10-24 01:47:27'),(78,52,58,'Consequatur temporibus qui molestiae. Velit neque ','Consequatur temporibus qui molestiae. Velit neque dicta quae dolores qui et. Vero voluptas numquam excepturi neque dolor officiis maxime. Modi maiores aliquid eos. Quod labore eaque nulla eveniet provident sit similique.',11,0,0,'1999-05-08 06:17:22'),(79,33,89,'Accusantium id est nam velit qui voluptatibus et. ','Accusantium id est nam velit qui voluptatibus et. Nam nihil eum voluptatem magnam. Totam earum veniam autem amet. Accusamus nemo est eum repellat. Doloremque eos corrupti aut consequuntur.',NULL,1,0,'1973-04-14 02:01:14'),(80,48,70,'Occaecati rerum autem qui sit ipsam nulla. Et omni','Occaecati rerum autem qui sit ipsam nulla. Et omnis architecto libero voluptatem dolor nulla voluptatem. Necessitatibus nesciunt similique magni repellendus.',NULL,1,0,'2003-05-21 18:28:41'),(81,6,20,'Quo consectetur delectus similique amet. Ut ea in ','Quo consectetur delectus similique amet. Ut ea in earum doloremque. Quam eaque dolores ullam maxime consequuntur quo similique. Iure hic molestias iure.',58,1,0,'2006-03-06 03:51:44'),(82,81,43,'Quia aut et quis. Accusantium optio quos officiis.','Quia aut et quis. Accusantium optio quos officiis. Eius quod sunt iusto dolorem in. Alias fugiat sunt qui dolore. Ut et animi voluptatem accusantium.',37,1,0,'2003-08-10 18:54:11'),(83,71,28,'Voluptatem incidunt sed aut commodi animi. Dolorem','Voluptatem incidunt sed aut commodi animi. Doloremque ducimus et aut. Modi quia minima debitis sit explicabo eius natus. Est et nobis blanditiis ea id in.',68,0,1,'2011-10-10 03:22:35'),(84,26,44,'Recusandae sunt accusantium cumque voluptatem repu','Recusandae sunt accusantium cumque voluptatem repudiandae. Adipisci optio repellat odit. Ut beatae doloremque ea laborum eius vel.',56,1,0,'2016-08-05 01:16:07'),(85,40,71,'Quae fugiat ea laudantium dolorem. Temporibus enim','Quae fugiat ea laudantium dolorem. Temporibus enim incidunt deleniti ipsa corporis necessitatibus perferendis debitis. Maxime voluptates voluptas placeat officia laborum praesentium ut. In totam repellat exercitationem autem. Aut iste praesentium culpa aut ipsam dolorum voluptatem.',50,1,0,'1987-08-17 08:08:00'),(86,34,54,'Quisquam et fugit voluptates. Reprehenderit expedi','Quisquam et fugit voluptates. Reprehenderit expedita alias numquam dicta deleniti nulla eum. Molestias pariatur voluptas enim nam nostrum sunt a. Explicabo quisquam accusantium eum amet magnam perspiciatis. Autem nulla odio assumenda quia assumenda.',78,0,0,'1975-07-21 01:16:47'),(87,68,80,'Enim asperiores optio magni harum quo et. Quia tot','Enim asperiores optio magni harum quo et. Quia totam et doloribus porro nulla. Consequatur deleniti magnam voluptates fugit sint provident.',60,1,1,'2010-11-15 08:41:45'),(88,94,30,'Nostrum vero placeat rem tempora quia ea occaecati','Nostrum vero placeat rem tempora quia ea occaecati voluptas. Qui cum aut at quia eaque ut aperiam. Eligendi ratione aut corporis illo omnis ex rerum. Impedit quo et labore dolores quis temporibus nemo. Minus illo aspernatur amet doloremque corporis alias nisi.',NULL,0,1,'1980-07-17 06:26:15'),(89,67,44,'Numquam in commodi odio et sed eius. Quo id enim m','Numquam in commodi odio et sed eius. Quo id enim molestiae doloremque possimus. Quos cumque quia eaque itaque voluptatem.',NULL,0,0,'1990-07-23 17:06:40'),(90,17,55,'Laboriosam incidunt sequi odit nihil molestias ape','Laboriosam incidunt sequi odit nihil molestias aperiam temporibus. Sed sint ipsa sit voluptatem. Voluptate dolores sunt enim voluptatem qui animi dignissimos.',74,0,1,'1977-03-24 09:45:39'),(91,23,49,'Iusto sit non consequuntur ut quisquam sunt ipsum ','Iusto sit non consequuntur ut quisquam sunt ipsum ratione. Corporis autem nulla fuga rem rerum. Mollitia aut libero incidunt fugiat cum.',NULL,1,1,'2007-01-14 09:04:38'),(92,77,38,'Debitis facilis consequuntur et corporis impedit d','Debitis facilis consequuntur et corporis impedit dignissimos culpa. Consequuntur laborum natus et. Quae amet beatae rerum necessitatibus.',31,0,1,'1980-05-31 10:55:44'),(93,59,80,'Reiciendis mollitia minus a ullam. Dolores eos dol','Reiciendis mollitia minus a ullam. Dolores eos dolorum doloremque rerum excepturi animi. Soluta optio magni eum inventore consequatur voluptas beatae possimus. Et assumenda quis hic quia qui.',87,1,1,'1993-02-28 18:02:04'),(94,21,64,'Deserunt possimus assumenda consectetur corporis p','Deserunt possimus assumenda consectetur corporis placeat delectus. Nobis in cupiditate iusto. A ut unde nulla voluptatem aliquid reprehenderit fuga.',97,0,1,'1996-02-09 05:26:23'),(95,59,3,'Quia harum optio sunt recusandae vero sit. Vel lib','Quia harum optio sunt recusandae vero sit. Vel libero ad fugiat nulla. Nesciunt qui ut consequuntur laborum. Et perferendis excepturi ea sint et non dolore.',87,0,1,'1972-07-30 19:05:37'),(96,36,71,'Voluptatem expedita sapiente ipsa voluptas. Archit','Voluptatem expedita sapiente ipsa voluptas. Architecto maiores officia culpa cumque autem. Qui ratione ab natus dolores nobis rem occaecati earum.',NULL,1,0,'1999-06-12 23:21:10'),(97,47,22,'Iure aut qui perferendis doloremque dolores volupt','Iure aut qui perferendis doloremque dolores voluptas quos. Dolorem corporis sint harum eius reiciendis temporibus cumque. Neque sint quasi perferendis. Qui non cumque veniam beatae voluptas consectetur.',53,1,0,'2014-02-11 13:28:29'),(98,69,76,'Sequi nostrum vel quidem molestiae eum quisquam il','Sequi nostrum vel quidem molestiae eum quisquam illo. Cumque et molestias sint sunt quidem voluptatibus ad. Ut blanditiis reprehenderit veritatis voluptatem itaque quia quia rerum.',10,0,1,'2000-08-29 02:35:26'),(99,74,41,'Consequatur soluta sit fugit sint quaerat accusamu','Consequatur soluta sit fugit sint quaerat accusamus. Nisi cupiditate illum beatae laborum nostrum. Eum sint quod delectus ut id. Neque officia provident aut est repellendus unde.',71,0,0,'1971-08-28 09:32:39'),(100,83,89,'Consequuntur eligendi perferendis eum voluptatem a','Consequuntur eligendi perferendis eum voluptatem aut. Molestiae nam et aut pariatur quo qui dolores. Magnam laudantium maxime quidem.',3,1,0,'2015-11-06 15:35:13');
/*!40000 ALTER TABLE `messages` ENABLE KEYS */;
UNLOCK TABLES;

--
-- Table structure for table `posts`
--

DROP TABLE IF EXISTS `posts`;
/*!40101 SET @saved_cs_client     = @@character_set_client */;
/*!50503 SET character_set_client = utf8mb4 */;
CREATE TABLE `posts` (
  `id` int(10) unsigned NOT NULL AUTO_INCREMENT,
  `user_id` int(10) unsigned NOT NULL,
  `header` varchar(255) DEFAULT NULL,
  `body` text,
  `attached_media_id` int(10) unsigned DEFAULT NULL,
  `created_at` timestamp NULL DEFAULT CURRENT_TIMESTAMP,
  PRIMARY KEY (`id`)
) ENGINE=InnoDB AUTO_INCREMENT=101 DEFAULT CHARSET=utf8mb4 COLLATE=utf8mb4_0900_ai_ci;
/*!40101 SET character_set_client = @saved_cs_client */;

--
-- Dumping data for table `posts`
--

LOCK TABLES `posts` WRITE;
/*!40000 ALTER TABLE `posts` DISABLE KEYS */;
INSERT INTO `posts` VALUES (1,55,'Dolor eaque illo qui impedit sunt. Esse laboriosam','Dolor eaque illo qui impedit sunt. Esse laboriosam mollitia recusandae et. Animi consequuntur aut voluptatum ut nisi.',NULL,'2019-11-27 17:37:29'),(2,81,'Voluptatem aut molestiae cum temporibus eum. Qui a','Voluptatem aut molestiae cum temporibus eum. Qui aut vel eaque ratione hic est. In velit fugit hic et sed aperiam.',NULL,'2019-11-27 17:37:29'),(3,40,'Et culpa similique qui culpa cum iure. Autem delec','Et culpa similique qui culpa cum iure. Autem delectus magnam quis quo. Qui rerum et et consectetur. Autem dolores dignissimos dolores fuga sint tempora similique.',NULL,'2019-11-27 17:37:29'),(4,58,'Veritatis aperiam debitis consectetur laboriosam i','Veritatis aperiam debitis consectetur laboriosam itaque. Laborum dolore ut temporibus aut fuga voluptas modi. Eligendi commodi quae nihil ut.',NULL,'2019-11-27 17:37:29'),(5,69,'Laboriosam deserunt consequuntur officia impedit d','Laboriosam deserunt consequuntur officia impedit dolores omnis voluptatem. Eos voluptate reiciendis officia odio sapiente non odit. Beatae sequi cum natus iure suscipit architecto inventore.',21,'2019-11-27 17:37:29'),(6,71,'Iure adipisci optio dolorem rem. Explicabo provide','Iure adipisci optio dolorem rem. Explicabo provident rerum voluptatem veritatis asperiores est impedit. Distinctio non dolor dolore vero omnis. Quis dolorum sunt maiores labore. Qui iste tempora omnis consectetur cupiditate sed.',NULL,'2019-11-27 17:37:29'),(7,45,'Odio modi laboriosam voluptas dolores. Tenetur exc','Odio modi laboriosam voluptas dolores. Tenetur excepturi dolorem et consequatur. Itaque qui nihil quas quia est animi eum.',NULL,'2019-11-27 17:37:29'),(8,13,'Qui aliquid et molestias est officia voluptatibus ','Qui aliquid et molestias est officia voluptatibus nesciunt. Quam provident at sit culpa deleniti tenetur et. Aut hic ad quos quidem repellat tempore est. Necessitatibus et quos mollitia modi eaque eum.',72,'2019-11-27 17:37:29'),(9,31,'Sed quis consequuntur modi quod quam nemo magnam. ','Sed quis consequuntur modi quod quam nemo magnam. Et nesciunt eveniet tempora. Facilis eos non qui aut delectus odio illum soluta. Laboriosam quo molestiae esse repellendus.',NULL,'2019-11-27 17:37:29'),(10,14,'Facere neque hic iusto assumenda inventore. Cumque','Facere neque hic iusto assumenda inventore. Cumque porro quo mollitia voluptate ut quam. Sapiente voluptate ullam unde magnam placeat omnis exercitationem porro. Consequatur consequatur incidunt laboriosam qui ducimus nihil.',NULL,'2019-11-27 17:37:29'),(11,77,'Iusto libero est tempora ut. Ullam sit provident a','Iusto libero est tempora ut. Ullam sit provident aut provident corrupti vel magnam. Ad possimus totam fugit facilis qui. Officia eum rerum sint velit inventore quis rerum.',NULL,'2019-11-27 17:37:29'),(12,44,'Et nemo aut voluptatem id vel occaecati nesciunt a','Et nemo aut voluptatem id vel occaecati nesciunt aut. Et nihil officia aspernatur ad itaque aut sit. Tenetur eum aut est accusantium fugit et nam.',NULL,'2019-11-27 17:37:29'),(13,87,'Aut nihil dolorem et et. Reiciendis voluptas est a','Aut nihil dolorem et et. Reiciendis voluptas est aperiam consequuntur consectetur commodi ratione. Blanditiis quis omnis reiciendis.',NULL,'2019-11-27 17:37:29'),(14,4,'Mollitia doloribus nulla doloribus et nobis. Est n','Mollitia doloribus nulla doloribus et nobis. Est neque quas in id vel. Eveniet eum nemo autem eveniet labore aut. Minus earum ad culpa facere.',NULL,'2019-11-27 17:37:29'),(15,59,'Magni illo doloremque qui. Error doloribus et aut ','Magni illo doloremque qui. Error doloribus et aut illo aut. Quod eligendi eveniet ea aut fugit saepe. Et et officia quibusdam dolorem fuga.',97,'2019-11-27 17:37:29'),(16,83,'Libero natus autem consequatur suscipit ipsam reic','Libero natus autem consequatur suscipit ipsam reiciendis. Qui consectetur et itaque aperiam. Molestiae id mollitia aperiam perspiciatis deserunt debitis velit. Quam sint quia quaerat ea.',NULL,'2019-11-27 17:37:29'),(17,36,'Aut ipsum est rerum eum optio quibusdam nihil. Et ','Aut ipsum est rerum eum optio quibusdam nihil. Et ducimus assumenda est aut assumenda debitis id. Quam mollitia necessitatibus unde sed totam in accusamus.',NULL,'2019-11-27 17:37:29'),(18,31,'Dolores reprehenderit incidunt distinctio repellat','Dolores reprehenderit incidunt distinctio repellat consectetur dolores. Eum expedita esse nulla sed placeat nobis cumque ea.',NULL,'2019-11-27 17:37:29'),(19,48,'Voluptatem vel autem occaecati at non. Quae praese','Voluptatem vel autem occaecati at non. Quae praesentium voluptatibus odit harum et inventore. Provident aut asperiores voluptatem quas minima. Ea est modi minima consequatur inventore qui odio. Aut non sint amet illo necessitatibus consectetur necessitatibus.',NULL,'2019-11-27 17:37:29'),(20,43,'Accusantium iusto veniam vel voluptatibus assumend','Accusantium iusto veniam vel voluptatibus assumenda quia et alias. Qui a eius dolore veniam. Facilis voluptates molestias laborum eveniet placeat ex. Ut expedita qui aspernatur mollitia ut.',NULL,'2019-11-27 17:37:29'),(21,74,'Est possimus explicabo quis quibusdam voluptatem. ','Est possimus explicabo quis quibusdam voluptatem. Amet sint similique sit et. Voluptatem dolorem iste ullam quo.',NULL,'2019-11-27 17:37:29'),(22,38,'Aliquam sed itaque quis mollitia vel. Nam nam enim','Aliquam sed itaque quis mollitia vel. Nam nam enim aspernatur repellendus. Perferendis sint dolores velit dolor vel rerum. Aut doloremque esse vel.',NULL,'2019-11-27 17:37:29'),(23,69,'Aut optio suscipit doloribus qui doloribus qui rep','Aut optio suscipit doloribus qui doloribus qui reprehenderit. Possimus quis alias dolores cumque. Est nemo voluptatum est et.',NULL,'2019-11-27 17:37:29'),(24,28,'Et nemo adipisci eum. Vel autem corrupti laborum e','Et nemo adipisci eum. Vel autem corrupti laborum enim voluptas fugit quis. Aut repellendus pariatur explicabo quos sint iure. Inventore commodi vero iste cum.',NULL,'2019-11-27 17:37:29'),(25,36,'Repellendus ut et laborum enim exercitationem. Rer','Repellendus ut et laborum enim exercitationem. Rerum et repudiandae consequatur perferendis nostrum illum. Quo perferendis dolores architecto rerum quaerat error incidunt. Necessitatibus quaerat sint est veritatis.',NULL,'2019-11-27 17:37:29'),(26,93,'Dolores ipsa qui libero molestiae. Quo enim ut qui','Dolores ipsa qui libero molestiae. Quo enim ut quis. Corporis laboriosam et similique dolores facere. Tenetur veritatis ipsa accusantium est.',NULL,'2019-11-27 17:37:29'),(27,58,'Cupiditate voluptatem atque ut quia. Quaerat asper','Cupiditate voluptatem atque ut quia. Quaerat asperiores consectetur dolorum enim quia ut. Asperiores quasi sunt officia consequatur. Quisquam unde ut aut nihil.',NULL,'2019-11-27 17:37:29'),(28,9,'Corrupti velit dolorem sed necessitatibus asperior','Corrupti velit dolorem sed necessitatibus asperiores illum. Omnis incidunt assumenda nihil error exercitationem sit. Est debitis laboriosam ut dolor consequuntur minima quisquam. Dolores assumenda ab qui et rerum ea cupiditate.',NULL,'2019-11-27 17:37:29'),(29,69,'Distinctio est quasi optio optio natus provident. ','Distinctio est quasi optio optio natus provident. Odio repudiandae qui et aut non totam commodi. Est saepe illum aspernatur labore nobis nemo sed. Voluptate sunt dolorem libero eum debitis architecto sed quaerat.',NULL,'2019-11-27 17:37:29'),(30,21,'Voluptatum veniam iusto maiores reprehenderit. Rep','Voluptatum veniam iusto maiores reprehenderit. Repudiandae nam ullam illum numquam eos eum soluta. Natus asperiores repellat corporis iusto. Ut occaecati ut quis assumenda eum doloribus.',NULL,'2019-11-27 17:37:29'),(31,95,'Modi nemo laborum magnam et. Nemo sunt mollitia au','Modi nemo laborum magnam et. Nemo sunt mollitia aut qui temporibus unde. Illo voluptas sunt alias velit eos qui inventore. Sit itaque dolorem id omnis adipisci. Facere omnis ratione ad fuga sunt quibusdam aut.',NULL,'2019-11-27 17:37:29'),(32,11,'Placeat perspiciatis recusandae eum eveniet. Nihil','Placeat perspiciatis recusandae eum eveniet. Nihil quo earum iusto adipisci est qui. Beatae modi rerum veritatis dolorum adipisci. Rerum deleniti rem architecto officia voluptatem et corrupti.',NULL,'2019-11-27 17:37:29'),(33,72,'Harum eligendi omnis impedit. Autem accusantium co','Harum eligendi omnis impedit. Autem accusantium corporis ab non illo recusandae. Aut dolor id autem fugiat.',NULL,'2019-11-27 17:37:29'),(34,25,'Velit aut autem ducimus eaque. Quibusdam tempora e','Velit aut autem ducimus eaque. Quibusdam tempora et et. Ea sunt quisquam eum modi aut. Et quidem quia minus.',NULL,'2019-11-27 17:37:29'),(35,9,'Et consequatur ut placeat est. Consequatur perspic','Et consequatur ut placeat est. Consequatur perspiciatis architecto veritatis.',NULL,'2019-11-27 17:37:29'),(36,69,'Ducimus a eaque sed dolorem quia. Nihil aut volupt','Ducimus a eaque sed dolorem quia. Nihil aut voluptatem deleniti deserunt saepe. Unde asperiores voluptatem itaque molestiae quisquam cum sed.',NULL,'2019-11-27 17:37:29'),(37,19,'Cupiditate at vel quidem assumenda eum aut repelle','Cupiditate at vel quidem assumenda eum aut repellendus rerum. Est labore nostrum laboriosam assumenda iusto. A ratione sint dolorum itaque dolor non.',NULL,'2019-11-27 17:37:29'),(38,87,'Voluptas architecto ea molestiae iusto in. Sapient','Voluptas architecto ea molestiae iusto in. Sapiente facilis maiores cum libero provident similique. Impedit eum enim totam possimus sint.',NULL,'2019-11-27 17:37:29'),(39,76,'Laborum voluptate quia et vel magnam dolorem ut. Q','Laborum voluptate quia et vel magnam dolorem ut. Quia provident delectus aperiam sed illum earum ducimus quia. Quos autem facere enim placeat aliquid. Magni et reiciendis expedita enim minus. Rerum perferendis labore et aut provident cum enim.',NULL,'2019-11-27 17:37:29'),(40,18,'Eos illo dolorem porro aut qui qui. Ullam voluptas','Eos illo dolorem porro aut qui qui. Ullam voluptas nam omnis ipsum eius facere. Quibusdam amet nihil voluptatibus quo optio nulla et laudantium. Eos unde praesentium dignissimos tempore voluptas laborum. Architecto velit cupiditate distinctio minus placeat.',NULL,'2019-11-27 17:37:29'),(41,60,'Voluptatem quod cumque praesentium possimus numqua','Voluptatem quod cumque praesentium possimus numquam occaecati eum nihil. Natus illo voluptatibus doloribus suscipit sit. Est aut magnam pariatur esse qui. Blanditiis laborum impedit voluptates eos fugiat.',NULL,'2019-11-27 17:37:29'),(42,49,'Dolorem molestiae velit nesciunt quas. Reiciendis ','Dolorem molestiae velit nesciunt quas. Reiciendis nihil nesciunt rerum.',NULL,'2019-11-27 17:37:29'),(43,61,'Veritatis error asperiores libero non aut aut reru','Veritatis error asperiores libero non aut aut rerum. Voluptatum facilis expedita vitae voluptas dignissimos id laudantium. Nostrum est voluptatem corporis explicabo et. Eaque sunt deleniti quo quidem ab doloribus sint.',NULL,'2019-11-27 17:37:29'),(44,60,'Sit ea voluptates velit qui fugiat. Omnis sunt hic','Sit ea voluptates velit qui fugiat. Omnis sunt hic repellendus aut omnis. Repellat sint esse dolores ratione repellendus ad totam. Rerum sint dolor qui aut explicabo quam labore sapiente. Vitae praesentium esse voluptas quaerat autem vitae.',NULL,'2019-11-27 17:37:29'),(45,15,'Corrupti autem dignissimos alias est. Maiores vel ','Corrupti autem dignissimos alias est. Maiores vel est dolores. Id et sint aut et fuga est enim. Totam quo nihil voluptatem iusto unde voluptate.',NULL,'2019-11-27 17:37:29'),(46,94,'Et nihil assumenda eum enim quia vel consequuntur.','Et nihil assumenda eum enim quia vel consequuntur. Quia aut beatae ut dolor enim. Omnis est odio quod qui.',NULL,'2019-11-27 17:37:29'),(47,24,'Eius qui molestiae officia provident maiores. Quis','Eius qui molestiae officia provident maiores. Quis velit ratione odit sint. Saepe reiciendis et dolores doloremque molestias. Aspernatur quis corrupti et totam sed.',NULL,'2019-11-27 17:37:29'),(48,38,'Adipisci tempora facilis aut et. At quo quo atque ','Adipisci tempora facilis aut et. At quo quo atque architecto explicabo. Totam cupiditate amet hic labore. Deserunt libero delectus est unde quasi.',NULL,'2019-11-27 17:37:29'),(49,20,'In illum velit dolor occaecati. Sed modi sequi mol','In illum velit dolor occaecati. Sed modi sequi molestiae voluptatem hic. Rerum similique perspiciatis et quia repudiandae cum.',NULL,'2019-11-27 17:37:29'),(50,82,'Commodi et voluptatibus aut dignissimos libero. Qu','Commodi et voluptatibus aut dignissimos libero. Quo blanditiis et sit harum qui. Corporis architecto voluptatem id et rerum repellat voluptas.',NULL,'2019-11-27 17:37:29'),(51,51,'Inventore ut et facilis eum deleniti ut occaecati ','Inventore ut et facilis eum deleniti ut occaecati eligendi. Consequuntur sunt accusamus et id. Et quos rerum corrupti fugit et magni quod.',NULL,'2019-11-27 17:37:29'),(52,10,'Fugit autem ut optio rerum eum. Voluptatibus nesci','Fugit autem ut optio rerum eum. Voluptatibus nesciunt quis consequuntur natus qui.',69,'2019-11-27 17:37:29'),(53,97,'Eum cumque quod modi dolores cum numquam. Eius rem','Eum cumque quod modi dolores cum numquam. Eius rem aut qui dolores aliquid dolores culpa. Ea et modi illo velit et non placeat. Vero ea porro ut vitae ut inventore sed.',NULL,'2019-11-27 17:37:29'),(54,55,'Minima illum dignissimos illo distinctio magni aut','Minima illum dignissimos illo distinctio magni aut incidunt molestias. Facere nulla sit molestias. Ut eos hic necessitatibus impedit cupiditate magni nemo. Commodi accusantium voluptatem rem et aut reiciendis est consequatur.',NULL,'2019-11-27 17:37:29'),(55,84,'Nulla a et quis non id. Minus placeat non corporis','Nulla a et quis non id. Minus placeat non corporis temporibus non. Molestiae perspiciatis aliquam eum autem.',NULL,'2019-11-27 17:37:29'),(56,51,'Eius est et aperiam facilis inventore natus. Sit n','Eius est et aperiam facilis inventore natus. Sit nihil accusamus sed eaque et illo.',NULL,'2019-11-27 17:37:29'),(57,6,'Non excepturi officia delectus totam. Ab nobis con','Non excepturi officia delectus totam. Ab nobis consequatur eaque velit molestiae consequuntur. Molestiae quod et maxime.',NULL,'2019-11-27 17:37:29'),(58,75,'Repudiandae et beatae ut ut iure consequatur facer','Repudiandae et beatae ut ut iure consequatur facere. Reiciendis laborum nostrum ipsa explicabo voluptatum ut laudantium. Molestias quaerat sit ea et. Illo quod placeat ratione nostrum velit ducimus eveniet.',NULL,'2019-11-27 17:37:29'),(59,57,'Dolor sit et quisquam porro dolorum et illum qui. ','Dolor sit et quisquam porro dolorum et illum qui. Assumenda harum delectus aut odio labore odio distinctio velit. A a quasi tempore officiis quidem natus est vero. Optio porro doloribus nemo ex.',NULL,'2019-11-27 17:37:29'),(60,59,'Dolorem quisquam ullam tempora expedita sunt numqu','Dolorem quisquam ullam tempora expedita sunt numquam. Eos et iusto explicabo illum. Magni at omnis aut enim delectus odit accusantium.',NULL,'2019-11-27 17:37:29'),(61,23,'Aut voluptate id exercitationem voluptatem. Expedi','Aut voluptate id exercitationem voluptatem. Expedita maxime qui minus sapiente.',NULL,'2019-11-27 17:37:29'),(62,37,'Error veritatis qui sed atque sit. Voluptatem volu','Error veritatis qui sed atque sit. Voluptatem voluptatem placeat at necessitatibus vero ipsam. Eius ut rerum maxime voluptas.',NULL,'2019-11-27 17:37:29'),(63,14,'Et omnis debitis soluta voluptas dolorem. Quisquam','Et omnis debitis soluta voluptas dolorem. Quisquam hic quis at non. Rerum qui necessitatibus error impedit. Itaque atque inventore distinctio sunt. Voluptates aperiam rerum dolor in error cupiditate.',NULL,'2019-11-27 17:37:29'),(64,62,'Eum omnis maxime aliquam dolores vero libero inven','Eum omnis maxime aliquam dolores vero libero inventore. Corrupti inventore facilis aspernatur non occaecati debitis adipisci. Delectus in soluta consequatur tempora et temporibus porro. Corporis qui beatae aliquid nisi accusantium.',NULL,'2019-11-27 17:37:29'),(65,66,'Distinctio natus aliquid molestiae ut. Eligendi co','Distinctio natus aliquid molestiae ut. Eligendi consequuntur et repellat vitae ipsum. Eos est quasi officia ut voluptatem impedit corrupti. Vel dicta eum veritatis nobis.',NULL,'2019-11-27 17:37:29'),(66,44,'Consequatur nihil aspernatur amet deleniti pariatu','Consequatur nihil aspernatur amet deleniti pariatur. Qui deleniti qui et quia et adipisci occaecati. Nesciunt debitis ut deleniti quisquam voluptatem. Quam laboriosam nam minus.',NULL,'2019-11-27 17:37:29'),(67,23,'Exercitationem nulla est et aut adipisci. Consequa','Exercitationem nulla est et aut adipisci. Consequatur perferendis commodi iste ut tenetur illum eaque. Ratione laboriosam nemo labore ipsam. Culpa temporibus dolor accusantium et placeat omnis.',NULL,'2019-11-27 17:37:29'),(68,82,'Quidem odio cumque tempore eveniet ut. Recusandae ','Quidem odio cumque tempore eveniet ut. Recusandae illum aut quia voluptatem ipsum et. Sint aut dolores rerum asperiores eius at sit. Alias dolore suscipit aut nemo.',NULL,'2019-11-27 17:37:29'),(69,41,'Consectetur occaecati itaque repudiandae quos. Tem','Consectetur occaecati itaque repudiandae quos. Tempora voluptate non et ipsam iste. Rerum non animi quod et reiciendis. Saepe eos sunt explicabo voluptas et vero.',NULL,'2019-11-27 17:37:29'),(70,58,'Laudantium dolores consectetur unde repellat. Quas','Laudantium dolores consectetur unde repellat. Quas amet voluptatibus ut consequatur sint sapiente repudiandae.',NULL,'2019-11-27 17:37:29'),(71,68,'Illum optio dolorem voluptate perspiciatis eos pra','Illum optio dolorem voluptate perspiciatis eos praesentium. Ullam consequatur ad neque omnis molestias ea velit. Consequatur sint sint veniam dolorem illum nihil. Et omnis possimus porro sunt molestias. Iure nisi aut quis qui qui.',NULL,'2019-11-27 17:37:29'),(72,64,'Laudantium quia et ut omnis quam. Et dicta iure et','Laudantium quia et ut omnis quam. Et dicta iure et ex sint nesciunt. Ipsam ea quia eos doloribus. Aliquid ut eveniet sint recusandae et ut iste. Autem dolor distinctio eum alias rerum.',NULL,'2019-11-27 17:37:29'),(73,16,'Rerum praesentium dolorem at temporibus iure. Recu','Rerum praesentium dolorem at temporibus iure. Recusandae asperiores dolores quis odit sequi veniam. Voluptatem animi officia voluptatibus illo architecto quis non delectus.',NULL,'2019-11-27 17:37:29'),(74,87,'Harum aut optio quisquam commodi qui. Est recusand','Harum aut optio quisquam commodi qui. Est recusandae accusantium ea earum aspernatur qui est. Ducimus distinctio omnis nesciunt itaque qui.',NULL,'2019-11-27 17:37:29'),(75,87,'Rerum cumque quia deleniti. Odio quaerat explicabo','Rerum cumque quia deleniti. Odio quaerat explicabo et vel minus earum incidunt. Et facere molestiae voluptas.',NULL,'2019-11-27 17:37:29'),(76,71,'Quis blanditiis nulla dignissimos molestiae assume','Quis blanditiis nulla dignissimos molestiae assumenda. Quaerat qui quis a ut recusandae harum quia repudiandae. Suscipit sit voluptas molestiae cupiditate ut dolorem aut excepturi. Velit reiciendis hic nostrum libero voluptatem.',NULL,'2019-11-27 17:37:29'),(77,97,'Id dolorem similique atque earum molestias. Nihil ','Id dolorem similique atque earum molestias. Nihil vitae facilis consectetur ea.',NULL,'2019-11-27 17:37:29'),(78,70,'Consequatur temporibus qui molestiae. Velit neque ','Consequatur temporibus qui molestiae. Velit neque dicta quae dolores qui et. Vero voluptas numquam excepturi neque dolor officiis maxime. Modi maiores aliquid eos. Quod labore eaque nulla eveniet provident sit similique.',NULL,'2019-11-27 17:37:29'),(79,58,'Accusantium id est nam velit qui voluptatibus et. ','Accusantium id est nam velit qui voluptatibus et. Nam nihil eum voluptatem magnam. Totam earum veniam autem amet. Accusamus nemo est eum repellat. Doloremque eos corrupti aut consequuntur.',NULL,'2019-11-27 17:37:29'),(80,79,'Occaecati rerum autem qui sit ipsam nulla. Et omni','Occaecati rerum autem qui sit ipsam nulla. Et omnis architecto libero voluptatem dolor nulla voluptatem. Necessitatibus nesciunt similique magni repellendus.',NULL,'2019-11-27 17:37:29'),(81,20,'Quo consectetur delectus similique amet. Ut ea in ','Quo consectetur delectus similique amet. Ut ea in earum doloremque. Quam eaque dolores ullam maxime consequuntur quo similique. Iure hic molestias iure.',NULL,'2019-11-27 17:37:29'),(82,62,'Quia aut et quis. Accusantium optio quos officiis.','Quia aut et quis. Accusantium optio quos officiis. Eius quod sunt iusto dolorem in. Alias fugiat sunt qui dolore. Ut et animi voluptatem accusantium.',NULL,'2019-11-27 17:37:29'),(83,52,'Voluptatem incidunt sed aut commodi animi. Dolorem','Voluptatem incidunt sed aut commodi animi. Doloremque ducimus et aut. Modi quia minima debitis sit explicabo eius natus. Est et nobis blanditiis ea id in.',NULL,'2019-11-27 17:37:29'),(84,72,'Recusandae sunt accusantium cumque voluptatem repu','Recusandae sunt accusantium cumque voluptatem repudiandae. Adipisci optio repellat odit. Ut beatae doloremque ea laborum eius vel.',NULL,'2019-11-27 17:37:29'),(85,3,'Quae fugiat ea laudantium dolorem. Temporibus enim','Quae fugiat ea laudantium dolorem. Temporibus enim incidunt deleniti ipsa corporis necessitatibus perferendis debitis. Maxime voluptates voluptas placeat officia laborum praesentium ut. In totam repellat exercitationem autem. Aut iste praesentium culpa aut ipsam dolorum voluptatem.',NULL,'2019-11-27 17:37:29'),(86,98,'Quisquam et fugit voluptates. Reprehenderit expedi','Quisquam et fugit voluptates. Reprehenderit expedita alias numquam dicta deleniti nulla eum. Molestias pariatur voluptas enim nam nostrum sunt a. Explicabo quisquam accusantium eum amet magnam perspiciatis. Autem nulla odio assumenda quia assumenda.',NULL,'2019-11-27 17:37:29'),(87,83,'Enim asperiores optio magni harum quo et. Quia tot','Enim asperiores optio magni harum quo et. Quia totam et doloribus porro nulla. Consequatur deleniti magnam voluptates fugit sint provident.',NULL,'2019-11-27 17:37:29'),(88,20,'Nostrum vero placeat rem tempora quia ea occaecati','Nostrum vero placeat rem tempora quia ea occaecati voluptas. Qui cum aut at quia eaque ut aperiam. Eligendi ratione aut corporis illo omnis ex rerum. Impedit quo et labore dolores quis temporibus nemo. Minus illo aspernatur amet doloremque corporis alias nisi.',NULL,'2019-11-27 17:37:29'),(89,49,'Numquam in commodi odio et sed eius. Quo id enim m','Numquam in commodi odio et sed eius. Quo id enim molestiae doloremque possimus. Quos cumque quia eaque itaque voluptatem.',53,'2019-11-27 17:37:29'),(90,86,'Laboriosam incidunt sequi odit nihil molestias ape','Laboriosam incidunt sequi odit nihil molestias aperiam temporibus. Sed sint ipsa sit voluptatem. Voluptate dolores sunt enim voluptatem qui animi dignissimos.',NULL,'2019-11-27 17:37:29'),(91,83,'Iusto sit non consequuntur ut quisquam sunt ipsum ','Iusto sit non consequuntur ut quisquam sunt ipsum ratione. Corporis autem nulla fuga rem rerum. Mollitia aut libero incidunt fugiat cum.',NULL,'2019-11-27 17:37:29'),(92,56,'Debitis facilis consequuntur et corporis impedit d','Debitis facilis consequuntur et corporis impedit dignissimos culpa. Consequuntur laborum natus et. Quae amet beatae rerum necessitatibus.',NULL,'2019-11-27 17:37:29'),(93,28,'Reiciendis mollitia minus a ullam. Dolores eos dol','Reiciendis mollitia minus a ullam. Dolores eos dolorum doloremque rerum excepturi animi. Soluta optio magni eum inventore consequatur voluptas beatae possimus. Et assumenda quis hic quia qui.',NULL,'2019-11-27 17:37:29'),(94,74,'Deserunt possimus assumenda consectetur corporis p','Deserunt possimus assumenda consectetur corporis placeat delectus. Nobis in cupiditate iusto. A ut unde nulla voluptatem aliquid reprehenderit fuga.',NULL,'2019-11-27 17:37:29'),(95,86,'Quia harum optio sunt recusandae vero sit. Vel lib','Quia harum optio sunt recusandae vero sit. Vel libero ad fugiat nulla. Nesciunt qui ut consequuntur laborum. Et perferendis excepturi ea sint et non dolore.',NULL,'2019-11-27 17:37:29'),(96,8,'Voluptatem expedita sapiente ipsa voluptas. Archit','Voluptatem expedita sapiente ipsa voluptas. Architecto maiores officia culpa cumque autem. Qui ratione ab natus dolores nobis rem occaecati earum.',NULL,'2019-11-27 17:37:29'),(97,83,'Iure aut qui perferendis doloremque dolores volupt','Iure aut qui perferendis doloremque dolores voluptas quos. Dolorem corporis sint harum eius reiciendis temporibus cumque. Neque sint quasi perferendis. Qui non cumque veniam beatae voluptas consectetur.',NULL,'2019-11-27 17:37:29'),(98,87,'Sequi nostrum vel quidem molestiae eum quisquam il','Sequi nostrum vel quidem molestiae eum quisquam illo. Cumque et molestias sint sunt quidem voluptatibus ad. Ut blanditiis reprehenderit veritatis voluptatem itaque quia quia rerum.',NULL,'2019-11-27 17:37:29'),(99,88,'Consequatur soluta sit fugit sint quaerat accusamu','Consequatur soluta sit fugit sint quaerat accusamus. Nisi cupiditate illum beatae laborum nostrum. Eum sint quod delectus ut id. Neque officia provident aut est repellendus unde.',NULL,'2019-11-27 17:37:29'),(100,77,'Consequuntur eligendi perferendis eum voluptatem a','Consequuntur eligendi perferendis eum voluptatem aut. Molestiae nam et aut pariatur quo qui dolores. Magnam laudantium maxime quidem.',NULL,'2019-11-27 17:37:29');
/*!40000 ALTER TABLE `posts` ENABLE KEYS */;
UNLOCK TABLES;

--
-- Table structure for table `profiles`
--

DROP TABLE IF EXISTS `profiles`;
/*!40101 SET @saved_cs_client     = @@character_set_client */;
/*!50503 SET character_set_client = utf8mb4 */;
CREATE TABLE `profiles` (
  `user_id` int(10) unsigned NOT NULL,
  `sex` char(1) CHARACTER SET utf8 COLLATE utf8_unicode_ci NOT NULL,
  `birthday` date DEFAULT NULL,
  `hometown` varchar(100) CHARACTER SET utf8 COLLATE utf8_unicode_ci DEFAULT NULL,
  `photo_id` int(10) unsigned DEFAULT NULL,
  PRIMARY KEY (`user_id`),
  KEY `profles_photo_id_fk` (`photo_id`),
  CONSTRAINT `profles_photo_id_fk` FOREIGN KEY (`photo_id`) REFERENCES `media` (`id`) ON DELETE SET NULL,
  CONSTRAINT `profles_user_id_fk` FOREIGN KEY (`user_id`) REFERENCES `users` (`id`) ON DELETE CASCADE
) ENGINE=InnoDB DEFAULT CHARSET=utf8 COLLATE=utf8_unicode_ci;
/*!40101 SET character_set_client = @saved_cs_client */;

--
-- Dumping data for table `profiles`
--

LOCK TABLES `profiles` WRITE;
/*!40000 ALTER TABLE `profiles` DISABLE KEYS */;
INSERT INTO `profiles` VALUES (1,'m','2011-05-03','Erichside',23),(2,'f','2009-03-26','Brooksfort',91),(3,'f','2007-12-19','Westchester',47),(4,'f','1991-12-02','Port Clementinestad',80),(5,'f','2002-09-21','Wittingstad',100),(6,'m','1985-12-30','North Kyleehaven',20),(7,'m','2008-07-28','Frankieview',88),(8,'m','2000-10-08','Colliermouth',88),(9,'f','1988-07-13','Port Daronmouth',36),(10,'m','1975-10-28','O\'Kontown',30),(11,'m','1971-02-12','Port Jordanland',51),(12,'f','1992-02-22','Nellafort',98),(13,'f','1999-02-18','South Kaneland',8),(14,'f','1988-10-10','Shanelleland',65),(15,'m','1997-09-02','Schmidtview',53),(16,'m','1980-02-01','Port Emmieland',61),(17,'f','1984-07-05','South Bret',7),(18,'f','2019-03-07','Spencerland',87),(19,'f','1982-06-16','Lake Nikkiland',77),(20,'f','2003-11-17','South Ethylshire',22),(21,'m','2003-04-30','Tomaschester',46),(22,'m','1989-08-06','Leefurt',32),(23,'m','1979-04-12','Raulhaven',86),(24,'f','2019-11-09','New Elijah',88),(25,'f','1978-10-25','Walterburgh',16),(26,'m','2006-08-27','McClureview',23),(27,'f','1987-07-24','Xzaviershire',7),(28,'f','1974-09-27','New Benjamin',23),(29,'f','2011-08-13','Christystad',22),(30,'m','2019-01-15','New Erickland',82),(31,'m','1992-04-24','Lake Bradleyside',31),(32,'m','2018-04-25','Lake Mosechester',27),(33,'f','2009-11-19','South Nataliestad',45),(34,'f','1998-12-01','Caroleville',45),(35,'f','1994-10-05','Lake Annabel',23),(36,'f','2010-08-16','Jastton',89),(37,'f','1997-07-19','Bryonview',74),(38,'m','2013-12-24','North Golda',63),(39,'f','2000-03-08','New Martin',93),(40,'f','2019-07-04','East Estell',100),(41,'m','1987-08-04','Savionfurt',1),(42,'f','2017-07-08','New Shaylee',65),(43,'f','1975-05-24','Paucekhaven',53),(44,'f','2015-11-12','Olsonmouth',78),(45,'f','1997-11-17','Goyettechester',49),(46,'m','1984-01-05','Streichland',34),(47,'f','1994-09-12','Sammymouth',77),(48,'m','1993-01-01','East Kattiechester',63),(49,'f','2017-04-17','Dejaberg',55),(50,'m','1994-08-22','South Ray',94),(51,'f','1996-11-13','Parkerview',100),(52,'m','2015-12-10','North Dellstad',53),(53,'m','2006-01-28','Treutelchester',92),(54,'m','1980-07-21','East Rosie',68),(55,'f','1992-10-28','Heathcotehaven',12),(56,'m','1991-04-01','Beierton',50),(57,'f','1977-12-05','New Marystad',3),(58,'f','2003-11-25','Pricebury',81),(59,'f','2001-12-28','East Erich',32),(60,'f','1996-06-02','Adolfochester',92),(61,'m','2004-12-29','West Nanniemouth',75),(62,'m','1996-04-09','West Deonte',91),(63,'m','2007-05-09','West Amos',18),(64,'f','1978-08-04','Volkmanchester',37),(65,'f','2002-09-12','North Viviane',43),(66,'m','1979-08-31','East Ivory',72),(67,'m','1985-08-22','Zemlakborough',28),(68,'f','1981-07-16','Laurinefort',17),(69,'m','2010-04-07','Haleystad',49),(70,'m','1980-04-24','Providenciton',81),(71,'f','1976-09-10','Cummingsshire',98),(72,'f','1976-10-24','Wavaside',70),(73,'m','2013-03-24','Lake Samantha',100),(74,'m','2015-02-18','Daxmouth',28),(75,'m','1971-04-16','Lake Melanystad',44),(76,'m','2001-02-15','Joanland',99),(77,'m','1984-07-19','New Myrtlemouth',17),(78,'f','2004-03-28','Adolfoville',45),(79,'f','1989-01-05','East Omarifurt',71),(80,'f','1987-09-26','New Claudia',3),(81,'f','1976-11-19','Balistreriview',6),(82,'f','1975-01-18','West Leathaside',76),(83,'m','2008-05-30','Willowton',4),(84,'m','1987-09-19','Jacobsonchester',100),(85,'f','1985-12-07','Reillyborough',15),(86,'m','2006-09-20','Lake Orville',70),(87,'f','1988-10-24','Boehmmouth',75),(88,'f','1977-03-08','South Hettie',91),(89,'f','1981-11-26','Vitomouth',75),(90,'m','2014-06-16','South Shaniafurt',61),(91,'m','2005-12-15','Daytonport',85),(92,'f','1991-12-25','Lake Marietta',32),(93,'f','1970-07-04','Kuphalborough',38),(94,'f','2004-07-28','Johnsonville',20),(95,'f','1976-06-03','Port Morganshire',25),(96,'m','1979-08-16','West Shaynaville',79),(97,'f','1983-02-06','Veronaport',6),(98,'m','2000-12-24','Elizabethfort',1),(99,'f','1978-02-20','West Lelandmouth',87),(100,'f','2000-05-21','West Lamberttown',20);
/*!40000 ALTER TABLE `profiles` ENABLE KEYS */;
UNLOCK TABLES;

--
-- Table structure for table `relation_statuses`
--

DROP TABLE IF EXISTS `relation_statuses`;
/*!40101 SET @saved_cs_client     = @@character_set_client */;
/*!50503 SET character_set_client = utf8mb4 */;
CREATE TABLE `relation_statuses` (
  `id` int(10) unsigned NOT NULL AUTO_INCREMENT,
  `name` varchar(100) DEFAULT NULL,
  PRIMARY KEY (`id`)
) ENGINE=InnoDB AUTO_INCREMENT=7 DEFAULT CHARSET=utf8mb4 COLLATE=utf8mb4_0900_ai_ci;
/*!40101 SET character_set_client = @saved_cs_client */;

--
-- Dumping data for table `relation_statuses`
--

LOCK TABLES `relation_statuses` WRITE;
/*!40000 ALTER TABLE `relation_statuses` DISABLE KEYS */;
INSERT INTO `relation_statuses` VALUES (1,'son'),(2,'daughter'),(3,'mother'),(4,'father'),(5,'wife'),(6,'husband');
/*!40000 ALTER TABLE `relation_statuses` ENABLE KEYS */;
UNLOCK TABLES;

--
-- Table structure for table `relations`
--

DROP TABLE IF EXISTS `relations`;
/*!40101 SET @saved_cs_client     = @@character_set_client */;
/*!50503 SET character_set_client = utf8mb4 */;
CREATE TABLE `relations` (
  `id` int(10) unsigned NOT NULL AUTO_INCREMENT,
  `user_id` int(10) unsigned NOT NULL,
  `relative_id` int(10) unsigned NOT NULL,
  `relation_status_id` int(10) unsigned NOT NULL,
  PRIMARY KEY (`id`)
) ENGINE=InnoDB AUTO_INCREMENT=7 DEFAULT CHARSET=utf8mb4 COLLATE=utf8mb4_0900_ai_ci;
/*!40101 SET character_set_client = @saved_cs_client */;

--
-- Dumping data for table `relations`
--

LOCK TABLES `relations` WRITE;
/*!40000 ALTER TABLE `relations` DISABLE KEYS */;
INSERT INTO `relations` VALUES (1,72,21,6),(2,83,45,5),(3,53,30,6),(4,60,29,4),(5,30,59,1),(6,41,92,3);
/*!40000 ALTER TABLE `relations` ENABLE KEYS */;
UNLOCK TABLES;

--
-- Table structure for table `target_types`
--

DROP TABLE IF EXISTS `target_types`;
/*!40101 SET @saved_cs_client     = @@character_set_client */;
/*!50503 SET character_set_client = utf8mb4 */;
CREATE TABLE `target_types` (
  `id` int(10) unsigned NOT NULL AUTO_INCREMENT,
  `name` varchar(255) NOT NULL,
  `created_at` datetime DEFAULT CURRENT_TIMESTAMP,
  PRIMARY KEY (`id`),
  UNIQUE KEY `name` (`name`)
) ENGINE=InnoDB AUTO_INCREMENT=5 DEFAULT CHARSET=utf8mb4 COLLATE=utf8mb4_0900_ai_ci;
/*!40101 SET character_set_client = @saved_cs_client */;

--
-- Dumping data for table `target_types`
--

LOCK TABLES `target_types` WRITE;
/*!40000 ALTER TABLE `target_types` DISABLE KEYS */;
INSERT INTO `target_types` VALUES (1,'message','2019-11-27 20:34:02'),(2,'user','2019-11-27 20:34:02'),(3,'media','2019-11-27 20:34:02'),(4,'post','2019-11-27 20:34:02');
/*!40000 ALTER TABLE `target_types` ENABLE KEYS */;
UNLOCK TABLES;

--
-- Table structure for table `users`
--

DROP TABLE IF EXISTS `users`;
/*!40101 SET @saved_cs_client     = @@character_set_client */;
/*!50503 SET character_set_client = utf8mb4 */;
CREATE TABLE `users` (
  `id` int(10) unsigned NOT NULL AUTO_INCREMENT,
  `first_name` varchar(100) CHARACTER SET utf8 COLLATE utf8_unicode_ci NOT NULL,
  `last_name` varchar(100) CHARACTER SET utf8 COLLATE utf8_unicode_ci NOT NULL,
  `email` varchar(150) CHARACTER SET utf8 COLLATE utf8_unicode_ci NOT NULL,
  `phone` varchar(120) CHARACTER SET utf8 COLLATE utf8_unicode_ci NOT NULL,
  `is_banned` tinyint(1) DEFAULT NULL,
  `is_active` tinyint(1) DEFAULT '1',
  `created_at` datetime DEFAULT CURRENT_TIMESTAMP,
  `updated_at` datetime DEFAULT CURRENT_TIMESTAMP ON UPDATE CURRENT_TIMESTAMP,
  PRIMARY KEY (`id`),
  UNIQUE KEY `email` (`email`),
  UNIQUE KEY `phone` (`phone`)
) ENGINE=InnoDB AUTO_INCREMENT=101 DEFAULT CHARSET=utf8 COLLATE=utf8_unicode_ci;
/*!40101 SET character_set_client = @saved_cs_client */;

--
-- Dumping data for table `users`
--

LOCK TABLES `users` WRITE;
/*!40000 ALTER TABLE `users` DISABLE KEYS */;
INSERT INTO `users` VALUES (1,'Saige','Green','elouise.rath@example.org','(403)332-8159',NULL,1,'1987-10-15 04:24:50','1974-06-11 15:11:42'),(2,'Lila','Kilback','floyd71@example.com','(243)787-9932x24500',NULL,1,'1979-05-27 02:26:08','1991-09-04 01:46:06'),(3,'Missouri','Brakus','jewel36@example.org','616.139.3715',NULL,1,'2001-11-01 13:29:49','1970-11-04 00:01:57'),(4,'Eudora','Gerlach','bkoelpin@example.com','521-805-0767x27565',NULL,1,'2005-07-04 05:27:27','1990-10-13 22:04:30'),(5,'Amya','Conn','ucrooks@example.com','314-356-9849x8864',NULL,1,'2008-09-08 08:30:24','1991-07-23 08:40:23'),(6,'Lucie','Gottlieb','mertz.mason@example.net','+48(4)2887410360',NULL,1,'1995-05-20 00:03:52','1993-10-03 00:04:05'),(7,'Reta','Marks','ernser.erwin@example.org','(603)260-8771',NULL,1,'2005-09-13 04:29:35','1972-01-16 23:15:05'),(8,'Jackson','Glover','jwitting@example.net','876.875.7433',NULL,0,'2008-07-06 05:07:54','2019-11-13 21:59:38'),(9,'Deshaun','Bednar','juliana.hahn@example.net','1-388-375-9591x81393',NULL,1,'1983-08-12 17:16:17','1980-03-06 04:36:45'),(10,'Keon','Heathcote','fo\'conner@example.com','851-303-5204',NULL,1,'1997-10-12 21:01:55','1997-06-28 06:52:10'),(11,'Evan','Ondricka','russel.thurman@example.net','1-439-312-4748x7193',NULL,1,'1977-09-15 22:41:52','1980-05-17 15:47:45'),(12,'Enrico','Rempel','mayer.doug@example.com','+03(7)3205262644',1,1,'1992-11-05 13:10:18','2019-11-13 21:59:35'),(13,'Eino','Bergnaum','sierra.stark@example.com','(732)082-0764',NULL,1,'1971-01-25 03:32:31','2016-07-28 23:17:45'),(14,'Dandre','Kuvalis','dgleason@example.net','(215)884-6949',NULL,1,'2016-07-13 23:23:03','2000-10-15 20:15:07'),(15,'Briana','Jast','daniella.crist@example.net','08512374195',NULL,1,'2011-08-25 06:52:50','1971-11-18 08:45:21'),(16,'Ova','Williamson','gleichner.doug@example.net','1-027-379-0144x937',NULL,1,'1988-11-22 17:27:23','1995-01-15 18:06:33'),(17,'Mauricio','Hartmann','vallie25@example.org','080.398.1896x6586',NULL,1,'1989-06-16 13:18:54','1971-06-16 07:43:25'),(18,'German','Dach','lolita.bogisich@example.net','115-458-7872x1388',NULL,1,'2012-04-25 16:47:22','1974-01-12 22:10:07'),(19,'Marlin','Simonis','jaskolski.daniella@example.net','+84(7)5546512599',NULL,1,'2009-12-14 05:54:10','1985-12-01 05:44:09'),(20,'Jerod','Wuckert','maude.effertz@example.com','(749)058-9116',NULL,1,'1984-10-01 09:27:59','2016-12-26 14:54:19'),(21,'Blaise','Lynch','zakary59@example.net','06709249905',NULL,1,'1977-10-16 23:39:12','1993-07-02 19:42:09'),(22,'Onie','Kunde','dcorwin@example.org','+91(9)4071979104',NULL,1,'2018-11-02 16:42:50','2001-10-06 00:56:01'),(23,'Madisen','Rogahn','o\'connell.chanelle@example.org','+28(0)6400504218',NULL,1,'1975-10-02 06:46:25','1978-09-18 19:57:47'),(24,'Freeman','Wunsch','cheyanne.streich@example.net','104-143-3558x95176',NULL,1,'2010-01-12 10:43:20','2009-03-26 12:02:57'),(25,'Zena','Farrell','kirstin09@example.net','(345)609-4654x64550',NULL,1,'1993-06-01 10:58:12','1988-11-08 20:39:36'),(26,'Jessica','Windler','wiza.craig@example.org','+15(8)3186963508',NULL,1,'1989-12-26 22:17:34','2016-11-19 14:57:38'),(27,'Brown','Powlowski','schimmel.carolina@example.net','(950)381-7347x45019',NULL,1,'1985-02-16 05:03:55','2008-02-24 11:10:56'),(28,'Terrell','Ankunding','kory.bins@example.org','1-470-615-2128',NULL,1,'2016-09-04 01:53:16','1980-01-04 13:59:42'),(29,'Rafaela','Will','emma.emard@example.com','+23(7)6592902367',NULL,1,'2010-11-14 06:20:20','1970-06-09 21:45:44'),(30,'Felicita','Wintheiser','jaren.emmerich@example.org','037.359.4781',NULL,1,'1978-01-23 05:39:27','1972-09-28 05:18:30'),(31,'Dana','Wolf','hahn.geraldine@example.com','+51(2)7186278415',NULL,1,'1970-07-22 11:03:03','2001-06-08 20:52:03'),(32,'Zachariah','Yundt','trantow.antonio@example.net','567-438-1756x11605',NULL,0,'1998-05-21 03:53:05','2019-11-13 21:59:38'),(33,'Aylin','Marvin','myra.grimes@example.org','(672)097-9402x58956',NULL,1,'2019-10-30 07:45:13','1984-05-10 04:12:20'),(34,'Coleman','Reilly','julio.price@example.com','387.365.1349',NULL,1,'1996-04-21 07:01:25','1999-12-27 21:20:17'),(35,'Linda','Homenick','xrowe@example.com','852.573.8761x931',NULL,1,'2007-08-07 03:19:47','2000-05-24 08:02:31'),(36,'Felipe','Mills','chris.o\'hara@example.net','806.928.2990x4427',NULL,1,'2012-10-31 21:36:25','2017-09-27 19:54:22'),(37,'Bonnie','Huel','rowland.schuster@example.org','267-835-6344',NULL,1,'1984-07-04 05:29:34','1984-02-11 16:05:55'),(38,'Irwin','Hackett','jayme42@example.net','1-516-368-1072',NULL,1,'1984-03-15 12:21:01','1974-01-05 15:05:53'),(39,'Jermaine','Funk','domenica07@example.com','1-600-753-4253x911',NULL,1,'2007-08-07 08:41:36','1998-08-25 14:40:49'),(40,'Kendrick','Grimes','delia47@example.org','07263445349',NULL,1,'1996-08-28 14:46:21','1996-05-11 01:57:19'),(41,'Gia','Prosacco','camylle07@example.net','370-792-9440x3433',NULL,1,'2007-07-15 15:24:07','1992-10-31 12:13:59'),(42,'Phoebe','Jerde','breana.reinger@example.com','+17(9)6457073201',NULL,1,'1970-01-20 04:03:39','1984-10-12 17:06:21'),(43,'Vella','Hoeger','harris.jude@example.com','394.678.6297',NULL,1,'1999-01-25 19:15:35','1974-03-21 19:19:00'),(44,'Tianna','Strosin','kkrajcik@example.org','(414)831-4958x9251',NULL,1,'2013-07-08 04:23:25','1991-03-27 15:54:17'),(45,'Kavon','Greenholt','lina.ernser@example.com','(787)064-0676x1737',NULL,1,'2007-05-19 09:02:58','1998-12-05 19:03:43'),(46,'Aric','Goldner','etha64@example.com','446-228-6199',NULL,1,'2001-12-31 22:33:44','1978-10-12 10:22:23'),(47,'Amalia','D\'Amore','reichel.cordia@example.net','(176)227-0265x58092',NULL,1,'1978-12-06 22:50:52','1978-07-12 11:08:14'),(48,'Jalon','Turcotte','nolan73@example.net','+38(9)0663658268',NULL,1,'2016-12-03 04:30:00','1987-03-14 13:28:52'),(49,'Jarrod','Kuhic','annamarie01@example.com','158-626-6259x40636',NULL,1,'1978-03-21 10:28:50','2007-04-07 11:59:06'),(50,'Gladyce','Stark','lewis.dach@example.org','508.741.6481x212',NULL,1,'1975-10-19 03:56:50','1989-01-28 18:09:31'),(51,'Rosalyn','Walker','maximillia.funk@example.net','1-839-553-5999',NULL,1,'1977-11-26 21:47:17','2013-03-10 03:25:59'),(52,'Marvin','Jast','klegros@example.com','636.807.8511x332',NULL,1,'2005-05-26 21:00:47','2016-01-24 04:27:13'),(53,'Mac','Runte','mathias43@example.com','1-827-985-5119',NULL,1,'2009-06-23 20:48:21','2005-02-07 22:56:05'),(54,'Thora','Hoeger','pfritsch@example.org','714-875-9994x887',NULL,1,'2008-07-16 09:08:35','1994-12-23 22:16:00'),(55,'Tabitha','Mosciski','afton09@example.org','396-630-0122x81012',NULL,1,'2008-03-03 11:39:10','1999-01-24 19:38:10'),(56,'Vallie','Hammes','stella70@example.net','472-753-1449x38989',1,1,'2014-04-24 03:02:31','2019-11-13 21:59:35'),(57,'Daren','Fay','nader.darwin@example.org','(327)799-3642',NULL,1,'2019-07-05 11:54:02','2012-12-26 20:37:38'),(58,'Isabella','McLaughlin','hunter20@example.org','356.931.5155x798',NULL,1,'2000-03-18 18:45:55','2010-06-24 17:10:33'),(59,'Candido','Stokes','agustin.cummerata@example.com','05053362546',NULL,1,'2012-12-02 11:05:25','2014-07-18 20:24:28'),(60,'Curt','Wiza','donnie37@example.net','(418)159-4993x708',NULL,1,'1981-09-05 01:59:59','1994-11-11 08:03:44'),(61,'Brandon','Hettinger','aherzog@example.net','(176)364-3848',NULL,1,'1977-02-09 08:06:57','2006-07-27 05:48:36'),(62,'Drew','Roberts','lance.kemmer@example.org','(047)144-8097',NULL,1,'1971-01-01 09:30:22','1984-07-30 06:12:54'),(63,'Brando','Hansen','maiya.mccullough@example.org','190.030.1970x3445',NULL,1,'2005-10-20 18:51:59','2009-10-10 18:15:36'),(64,'Lilla','Harber','hessel.tyrel@example.org','1-996-577-4672x3258',NULL,1,'1986-10-28 22:59:51','1977-11-11 10:03:33'),(65,'Brian','Hoeger','mack.auer@example.net','1-901-645-2845x02970',NULL,1,'1973-07-13 01:48:53','1985-02-26 08:50:13'),(66,'Adalberto','Dibbert','monserrat.breitenberg@example.com','644-164-8524x2020',1,1,'2016-04-10 12:40:29','2019-11-13 21:59:35'),(67,'Riley','Dickinson','tyrell49@example.com','(630)199-2340x20289',NULL,1,'2014-04-18 06:02:53','1973-02-18 02:12:22'),(68,'Glenna','Erdman','ctillman@example.com','+90(6)6999315275',NULL,1,'2002-04-09 22:36:52','1994-05-21 18:18:27'),(69,'Valentin','Tremblay','williamson.mya@example.com','+32(4)0149514752',NULL,1,'2013-06-19 19:30:44','2002-02-16 04:23:55'),(70,'Conor','Rogahn','percy43@example.net','(416)705-4519',NULL,1,'2007-08-31 15:29:09','1985-02-26 16:36:09'),(71,'Retha','Rath','schmeler.zula@example.net','(933)411-0528x2382',NULL,1,'2009-02-12 11:47:23','2015-06-27 05:21:48'),(72,'Hallie','Cremin','heidenreich.rubye@example.net','1-130-139-7397x7682',NULL,1,'1994-12-23 20:21:59','2003-04-30 14:34:16'),(73,'Gussie','Koch','ksporer@example.net','+74(2)8801234128',NULL,1,'2015-04-01 13:54:25','1973-12-18 06:58:05'),(74,'Hassie','Huel','mlakin@example.net','1-038-585-8121',NULL,1,'1975-10-12 14:37:10','2007-07-01 03:22:11'),(75,'Marlene','Balistreri','rolfson.dereck@example.com','(902)392-7835',NULL,1,'1987-02-19 04:16:55','1995-10-20 14:34:13'),(76,'Annamae','McGlynn','anderson.clemmie@example.net','410.077.7239x486',NULL,1,'1991-04-06 13:43:01','2007-09-28 04:46:49'),(77,'Daisy','Padberg','ayana42@example.com','1-192-153-0224',NULL,0,'1981-11-22 23:29:36','2019-11-13 21:59:38'),(78,'Ellis','Predovic','vcummerata@example.org','1-601-809-9195x0085',NULL,1,'1980-12-02 06:38:08','2006-06-16 02:00:13'),(79,'Dimitri','Schultz','astrid48@example.org','492.120.2418x09968',NULL,1,'1991-06-22 22:47:32','1994-07-28 23:51:50'),(80,'Avery','Bauch','ellen61@example.net','1-053-454-7700x5140',NULL,1,'1979-09-08 19:49:59','2010-05-03 18:07:33'),(81,'Kendra','Pfeffer','minerva32@example.net','527.895.0575x03397',NULL,1,'1982-02-05 06:31:54','1982-07-21 10:50:51'),(82,'Hadley','Little','harvey.kiera@example.com','1-221-651-0557x34550',NULL,1,'1983-02-09 21:14:11','1993-01-19 21:06:50'),(83,'Caden','Dietrich','lexi87@example.net','1-733-693-1192',1,1,'1986-01-25 14:21:08','2019-11-13 21:59:35'),(84,'Isac','Greenfelder','joel84@example.com','703.014.3912',NULL,1,'1995-05-03 21:32:22','2007-10-09 01:17:31'),(85,'June','Daniel','henri43@example.net','076-424-6301x01140',NULL,1,'1984-06-07 18:55:38','1977-12-10 06:33:15'),(86,'Orlando','Kohler','ostokes@example.org','00192750366',NULL,1,'1984-11-07 03:08:00','2002-11-14 08:33:35'),(87,'Emerson','Zemlak','thelma30@example.org','937.798.4639',NULL,1,'1981-02-18 03:33:44','1980-07-10 11:12:05'),(88,'Manley','Leuschke','jordi19@example.org','1-909-008-1040x9860',NULL,1,'2008-08-15 05:43:52','2010-02-26 12:13:49'),(89,'Aurelio','Dicki','o\'reilly.amira@example.net','567-581-7118',NULL,1,'1973-01-14 18:20:03','1992-05-28 21:43:32'),(90,'Leonel','Balistreri','ystreich@example.org','01957830608',NULL,1,'1995-03-23 16:49:29','1981-11-02 12:48:47'),(91,'Russell','Sanford','nikita.schroeder@example.net','736.795.7688',NULL,1,'1973-10-13 09:26:35','2012-03-05 11:16:47'),(92,'Georgette','Kris','allie24@example.org','629.326.0015x3915',NULL,1,'1990-11-03 13:11:04','1975-03-13 19:11:26'),(93,'Evan','Beatty','betsy.hessel@example.com','100.955.9473x446',NULL,1,'2019-05-06 14:57:44','1979-03-17 16:38:53'),(94,'Avis','Toy','schultz.stewart@example.org','(278)188-5647',NULL,1,'2012-08-30 20:28:44','1984-02-25 23:45:23'),(95,'Benjamin','Feil','magnus.haag@example.net','852.518.9699x2704',NULL,1,'2008-10-26 22:37:14','2005-05-17 03:43:28'),(96,'Kellen','Dickinson','reynold74@example.org','1-809-429-0605x24482',NULL,1,'2008-01-11 21:05:26','1979-12-21 02:22:53'),(97,'Marie','Russel','lgrimes@example.org','788-954-0463',NULL,1,'2000-10-23 07:30:55','2018-06-05 12:58:09'),(98,'Jaqueline','Bailey','camren.dibbert@example.org','(966)430-2064x04767',NULL,0,'1979-05-13 19:20:21','2019-11-13 21:59:38'),(99,'Aiyana','O\'Keefe','harber.urban@example.org','(681)956-8864x9940',NULL,1,'1975-02-22 10:04:21','2011-06-21 16:19:34'),(100,'Carlos','Nader','stefanie.collins@example.com','(653)513-6140x4183',NULL,1,'2007-11-03 12:06:16','1982-12-27 05:48:10');
/*!40000 ALTER TABLE `users` ENABLE KEYS */;
UNLOCK TABLES;
/*!40103 SET TIME_ZONE=@OLD_TIME_ZONE */;

/*!40101 SET SQL_MODE=@OLD_SQL_MODE */;
/*!40014 SET FOREIGN_KEY_CHECKS=@OLD_FOREIGN_KEY_CHECKS */;
/*!40014 SET UNIQUE_CHECKS=@OLD_UNIQUE_CHECKS */;
/*!40101 SET CHARACTER_SET_CLIENT=@OLD_CHARACTER_SET_CLIENT */;
/*!40101 SET CHARACTER_SET_RESULTS=@OLD_CHARACTER_SET_RESULTS */;
/*!40101 SET COLLATION_CONNECTION=@OLD_COLLATION_CONNECTION */;
/*!40111 SET SQL_NOTES=@OLD_SQL_NOTES */;

-- Dump completed on 2019-12-05  9:31:43
